ticker,snapshot_date,pe_vs_peers,ev_ebitda_vs_peers,growth_vs_peers,margin_vs_peers,roic_vs_peers,sector_relative_pe,sector_relative_growth,sector_relative_roic
AAPL,2025-11-28,0.754000,0.734000,-0.380500,-0.210600,0.057900,0.822000,-0.253700,0.038600
MSFT,2025-11-28,0.943000,0.803000,-0.172700,0.025800,-0.255100,0.861000,-0.173200,-0.262000
NVDA,2025-11-28,1.566000,1.841000,0.640400,0.232900,0.335200,1.318000,0.426900,0.223500
META,2025-11-28,0.794000,0.714000,0.059700,0.125300,0.056800,0.852000,0.039800,0.037800
GOOGL,2025-11-28,0.690000,0.755000,-0.026100,-0.056100,-0.015000,0.768000,-0.025500,-0.008100
AMZN,2025-11-28,0.597000,0.435000,0.028100,-0.086600,-0.028500,0.530000,0.046100,0.029600
TSLA,2025-11-28,2.773000,3.675000,-0.092200,-0.034400,-0.059200,1.470000,-0.046100,-0.029600
JPM,2025-11-28,0.421000,0.507000,0.006100,-0.258200,-0.318500,0.593000,0.003000,-0.159200
V,2025-11-28,2.375000,1.973000,-0.006100,0.258200,0.318500,1.407000,-0.003000,0.159300
NFLX,2025-11-28,1.703000,1.737000,-0.021400,-0.102200,-0.044600,1.380000,-0.014200,-0.029800
AAPL,2025-12-05,0.754000,0.734000,-0.389100,-0.206100,0.044800,0.822000,-0.259400,0.029900
MSFT,2025-12-05,0.943000,0.803000,-0.167300,0.024600,-0.247600,0.861000,-0.173000,-0.255800
NVDA,2025-12-05,1.566000,1.841000,0.648600,0.228100,0.338900,1.318000,0.432400,0.225900
META,2025-12-05,0.794000,0.714000,0.070200,0.124100,0.051700,0.852000,0.046800,0.034500
GOOGL,2025-12-05,0.690000,0.755000,-0.039100,-0.054800,-0.014400,0.768000,-0.033500,-0.006200
AMZN,2025-12-05,0.597000,0.435000,0.032500,-0.084100,-0.030900,0.530000,0.045500,0.028700
TSLA,2025-12-05,2.773000,3.675000,-0.091000,-0.035600,-0.057400,1.470000,-0.045500,-0.028700
JPM,2025-12-05,0.421000,0.507000,0.009000,-0.267100,-0.325800,0.593000,0.004500,-0.162900
V,2025-12-05,2.375000,1.973000,-0.009000,0.267100,0.325800,1.407000,-0.004500,0.162900
NFLX,2025-12-05,1.703000,1.737000,-0.020100,-0.100800,-0.042300,1.380000,-0.013400,-0.028200
AAPL,2025-12-12,0.754000,0.734000,-0.386100,-0.213600,0.044100,0.822000,-0.257400,0.029400
MSFT,2025-12-12,0.943000,0.803000,-0.167800,0.029700,-0.260000,0.861000,-0.172500,-0.262300
NVDA,2025-12-12,1.566000,1.841000,0.644800,0.232600,0.349300,1.318000,0.429900,0.232900
META,2025-12-12,0.794000,0.714000,0.069600,0.127100,0.048100,0.852000,0.046400,0.032100
GOOGL,2025-12-12,0.690000,0.755000,-0.040300,-0.057300,-0.005200,0.768000,-0.035500,-0.002900
AMZN,2025-12-12,0.597000,0.435000,0.033200,-0.085100,-0.031100,0.530000,0.046100,0.030200
TSLA,2025-12-12,2.773000,3.675000,-0.092300,-0.036600,-0.060400,1.470000,-0.046200,-0.030200
JPM,2025-12-12,0.421000,0.507000,0.002900,-0.259900,-0.318400,0.593000,0.001500,-0.159200
V,2025-12-12,2.375000,1.973000,-0.002900,0.259900,0.318400,1.407000,-0.001400,0.159200
NFLX,2025-12-12,1.703000,1.737000,-0.016300,-0.104700,-0.043700,1.380000,-0.010800,-0.029100
AAPL,2025-12-19,0.754000,0.734000,-0.376300,-0.217000,0.054300,0.822000,-0.250900,0.036200
MSFT,2025-12-19,0.943000,0.803000,-0.157500,0.024100,-0.248700,0.861000,-0.162900,-0.255000
NVDA,2025-12-19,1.566000,1.841000,0.620700,0.242800,0.328200,1.318000,0.413800,0.218800
META,2025-12-19,0.794000,0.714000,0.065300,0.127600,0.049800,0.852000,0.043500,0.033200
GOOGL,2025-12-19,0.690000,0.755000,-0.031100,-0.057700,-0.012100,0.768000,-0.025800,-0.005900
AMZN,2025-12-19,0.597000,0.435000,0.033600,-0.087000,-0.030800,0.530000,0.047200,0.028300
TSLA,2025-12-19,2.773000,3.675000,-0.094400,-0.034100,-0.056700,1.470000,-0.047200,-0.028300
JPM,2025-12-19,0.421000,0.507000,0.002600,-0.270600,-0.323300,0.593000,0.001300,-0.161600
V,2025-12-19,2.375000,1.973000,-0.002600,0.270600,0.323300,1.407000,-0.001300,0.161700
NFLX,2025-12-19,1.703000,1.737000,-0.026600,-0.103000,-0.041000,1.380000,-0.017800,-0.027400
AAPL,2025-12-26,0.754000,0.734000,-0.370300,-0.211800,0.049100,0.822000,-0.246900,0.032700
MSFT,2025-12-26,0.943000,0.803000,-0.162500,0.028500,-0.256100,0.861000,-0.166300,-0.262600
NVDA,2025-12-26,1.566000,1.841000,0.619700,0.231000,0.344700,1.318000,0.413100,0.229800
META,2025-12-26,0.794000,0.714000,0.051700,0.123200,0.044200,0.852000,0.034500,0.029400
GOOGL,2025-12-26,0.690000,0.755000,-0.034500,-0.057000,-0.011100,0.768000,-0.030700,-0.004700
AMZN,2025-12-26,0.597000,0.435000,0.027200,-0.087400,-0.031400,0.530000,0.043600,0.028400
TSLA,2025-12-26,2.773000,3.675000,-0.087100,-0.032700,-0.056800,1.470000,-0.043500,-0.028400
JPM,2025-12-26,0.421000,0.507000,0.002300,-0.281200,-0.332600,0.593000,0.001100,-0.166300
V,2025-12-26,2.375000,1.973000,-0.002300,0.281200,0.332600,1.407000,-0.001200,0.166300
NFLX,2025-12-26,1.703000,1.737000,-0.005600,-0.099700,-0.037100,1.380000,-0.003700,-0.024800
AAPL,2026-01-02,0.754000,0.734000,-0.369400,-0.216800,0.052600,0.822000,-0.246300,0.035100
MSFT,2026-01-02,0.943000,0.803000,-0.155100,0.030200,-0.259800,0.861000,-0.159000,-0.262200
NVDA,2026-01-02,1.566000,1.841000,0.608000,0.236000,0.340800,1.318000,0.405300,0.227200
META,2026-01-02,0.794000,0.714000,0.067800,0.127400,0.037200,0.852000,0.045200,0.024800
GOOGL,2026-01-02,0.690000,0.755000,-0.033100,-0.058700,-0.004200,0.768000,-0.029200,-0.001700
AMZN,2026-01-02,0.597000,0.435000,0.031400,-0.085600,-0.033800,0.530000,0.046500,0.029300
TSLA,2026-01-02,2.773000,3.675000,-0.092900,-0.035700,-0.058500,1.470000,-0.046500,-0.029200
JPM,2026-01-02,0.421000,0.507000,-0.009800,-0.266200,-0.326600,0.593000,-0.004900,-0.163300
V,2026-01-02,2.375000,1.973000,0.009800,0.266200,0.326600,1.407000,0.004900,0.163300
NFLX,2026-01-02,1.703000,1.737000,-0.024000,-0.103700,-0.034600,1.380000,-0.016000,-0.023100
AAPL,2026-01-09,0.754000,0.734000,-0.389700,-0.215800,0.038900,0.822000,-0.259800,0.025900
MSFT,2026-01-09,0.943000,0.803000,-0.174800,0.019500,-0.251800,0.861000,-0.178500,-0.258000
NVDA,2026-01-09,1.566000,1.841000,0.657600,0.242400,0.348000,1.318000,0.438400,0.232000
META,2026-01-09,0.794000,0.714000,0.079500,0.122200,0.044700,0.852000,0.053000,0.029800
GOOGL,2026-01-09,0.690000,0.755000,-0.037400,-0.046800,-0.010600,0.768000,-0.033700,-0.004400
AMZN,2026-01-09,0.597000,0.435000,0.039800,-0.089300,-0.031400,0.530000,0.049200,0.028600
TSLA,2026-01-09,2.773000,3.675000,-0.098300,-0.035200,-0.057300,1.470000,-0.049200,-0.028600
JPM,2026-01-09,0.421000,0.507000,-0.002800,-0.272400,-0.318600,0.593000,-0.001400,-0.159300
V,2026-01-09,2.375000,1.973000,0.002800,0.272400,0.318600,1.407000,0.001400,0.159300
NFLX,2026-01-09,1.703000,1.737000,-0.029000,-0.107900,-0.038100,1.380000,-0.019300,-0.025400
AAPL,2026-01-16,0.754000,0.734000,-0.386400,-0.217800,0.059000,0.822000,-0.257600,0.039300
MSFT,2026-01-16,0.943000,0.803000,-0.165800,0.026800,-0.252900,0.861000,-0.168500,-0.256500
NVDA,2026-01-16,1.566000,1.841000,0.639300,0.238500,0.325700,1.318000,0.426200,0.217100
META,2026-01-16,0.794000,0.714000,0.056900,0.115200,0.042900,0.852000,0.037900,0.028600
GOOGL,2026-01-16,0.690000,0.755000,-0.023700,-0.051100,-0.005200,0.768000,-0.021000,-0.001600
AMZN,2026-01-16,0.597000,0.435000,0.029100,-0.087000,-0.036300,0.530000,0.046700,0.027400
TSLA,2026-01-16,2.773000,3.675000,-0.093400,-0.034300,-0.054700,1.470000,-0.046700,-0.027300
JPM,2026-01-16,0.421000,0.507000,0.004700,-0.273700,-0.325200,0.593000,0.002400,-0.162600
V,2026-01-16,2.375000,1.973000,-0.004700,0.273700,0.325200,1.407000,-0.002300,0.162600
NFLX,2026-01-16,1.703000,1.737000,-0.025400,-0.099400,-0.040500,1.380000,-0.017000,-0.027000
AAPL,2026-01-23,0.754000,0.734000,-0.369400,-0.218000,0.053800,0.822000,-0.246300,0.035900
MSFT,2026-01-23,0.943000,0.803000,-0.152800,0.018700,-0.261300,0.861000,-0.156600,-0.263700
NVDA,2026-01-23,1.566000,1.841000,0.604400,0.247600,0.341700,1.318000,0.402900,0.227800
META,2026-01-23,0.794000,0.714000,0.062300,0.121900,0.050200,0.852000,0.041500,0.033400
GOOGL,2026-01-23,0.690000,0.755000,-0.032600,-0.050800,-0.004700,0.768000,-0.028900,-0.002300
AMZN,2026-01-23,0.597000,0.435000,0.033900,-0.089500,-0.032800,0.530000,0.048400,0.029800
TSLA,2026-01-23,2.773000,3.675000,-0.096800,-0.032300,-0.059500,1.470000,-0.048400,-0.029700
JPM,2026-01-23,0.421000,0.507000,0.001300,-0.273700,-0.317800,0.593000,0.000600,-0.158900
V,2026-01-23,2.375000,1.973000,-0.001300,0.273700,0.317800,1.407000,-0.000700,0.158900
NFLX,2026-01-23,1.703000,1.737000,-0.019000,-0.103300,-0.046700,1.380000,-0.012700,-0.031200
AAPL,2026-01-30,0.754000,0.734000,-0.387200,-0.211200,0.044000,0.822000,-0.258100,0.029300
MSFT,2026-01-30,0.943000,0.803000,-0.175700,0.022300,-0.258500,0.861000,-0.175700,-0.261100
NVDA,2026-01-30,1.566000,1.841000,0.650800,0.235100,0.347600,1.318000,0.433900,0.231700
META,2026-01-30,0.794000,0.714000,0.059600,0.121900,0.048300,0.852000,0.039800,0.032200
GOOGL,2026-01-30,0.690000,0.755000,-0.025400,-0.050200,-0.002800,0.768000,-0.025400,-0.000200
AMZN,2026-01-30,0.597000,0.435000,0.026100,-0.088700,-0.034400,0.530000,0.045500,0.028500
TSLA,2026-01-30,2.773000,3.675000,-0.091000,-0.034100,-0.057100,1.470000,-0.045500,-0.028600
JPM,2026-01-30,0.421000,0.507000,-0.004000,-0.274600,-0.326500,0.593000,-0.002000,-0.163200
V,2026-01-30,2.375000,1.973000,0.004000,0.274600,0.326500,1.407000,0.002000,0.163300
NFLX,2026-01-30,1.703000,1.737000,-0.021500,-0.103800,-0.047900,1.380000,-0.014300,-0.031900
AAPL,2026-02-06,0.754000,0.734000,-0.377400,-0.211200,0.045000,0.822000,-0.251600,0.030000
MSFT,2026-02-06,0.943000,0.803000,-0.172100,0.026500,-0.259700,0.861000,-0.170200,-0.263100
NVDA,2026-02-06,1.566000,1.841000,0.632800,0.228400,0.349700,1.318000,0.421900,0.233100
META,2026-02-06,0.794000,0.714000,0.052800,0.120800,0.045600,0.852000,0.035200,0.030400
GOOGL,2026-02-06,0.690000,0.755000,-0.014600,-0.046000,-0.003500,0.768000,-0.016500,-0.000100
AMZN,2026-02-06,0.597000,0.435000,0.025900,-0.095600,-0.032000,0.530000,0.047200,0.030000
TSLA,2026-02-06,2.773000,3.675000,-0.094300,-0.031600,-0.060000,1.470000,-0.047100,-0.030000
JPM,2026-02-06,0.421000,0.507000,-0.001400,-0.283200,-0.317800,0.593000,-0.000700,-0.158900
V,2026-02-06,2.375000,1.973000,0.001400,0.283200,0.317800,1.407000,0.000700,0.158900
NFLX,2026-02-06,1.703000,1.737000,-0.028000,-0.108900,-0.045500,1.380000,-0.018700,-0.030300
AAPL,2026-02-13,0.754000,0.734000,-0.357700,-0.214300,0.050400,0.822000,-0.238500,0.033600
MSFT,2026-02-13,0.943000,0.803000,-0.152900,0.028200,-0.254200,0.861000,-0.154100,-0.256900
NVDA,2026-02-13,1.566000,1.841000,0.588800,0.230000,0.335100,1.318000,0.392500,0.223400
META,2026-02-13,0.794000,0.714000,0.058200,0.112800,0.043000,0.852000,0.038800,0.028700
GOOGL,2026-02-13,0.690000,0.755000,-0.025400,-0.046500,-0.001300,0.768000,-0.024200,0.001500
AMZN,2026-02-13,0.597000,0.435000,0.027700,-0.091900,-0.034400,0.530000,0.046300,0.030000
TSLA,2026-02-13,2.773000,3.675000,-0.092600,-0.033600,-0.060100,1.470000,-0.046300,-0.030000
JPM,2026-02-13,0.421000,0.507000,-0.008000,-0.281400,-0.329200,0.593000,-0.004000,-0.164600
V,2026-02-13,2.375000,1.973000,0.008000,0.281400,0.329200,1.407000,0.004000,0.164600
NFLX,2026-02-13,1.703000,1.737000,-0.021900,-0.101100,-0.045200,1.380000,-0.014600,-0.030100
AAPL,2026-02-20,0.754000,0.734000,-0.388100,-0.223400,0.039100,0.822000,-0.258800,0.026100
MSFT,2026-02-20,0.943000,0.803000,-0.166500,0.026500,-0.246300,0.861000,-0.169700,-0.251000
NVDA,2026-02-20,1.566000,1.841000,0.642600,0.244200,0.337400,1.318000,0.428400,0.224900
META,2026-02-20,0.794000,0.714000,0.069100,0.134300,0.042800,0.852000,0.046000,0.028500
GOOGL,2026-02-20,0.690000,0.755000,-0.031800,-0.054900,-0.002700,0.768000,-0.028600,0.002000
AMZN,2026-02-20,0.597000,0.435000,0.034700,-0.091500,-0.036100,0.530000,0.049000,0.029200
TSLA,2026-02-20,2.773000,3.675000,-0.097900,-0.032400,-0.058300,1.470000,-0.049000,-0.029100
JPM,2026-02-20,0.421000,0.507000,-0.001800,-0.279800,-0.317300,0.593000,-0.000900,-0.158600
V,2026-02-20,2.375000,1.973000,0.001800,0.279800,0.317300,1.407000,0.000900,0.158700
NFLX,2026-02-20,1.703000,1.737000,-0.026200,-0.112400,-0.045800,1.380000,-0.017500,-0.030500
AAPL,2026-02-27,0.754000,0.734000,-0.377400,-0.218100,0.040700,0.822000,-0.251600,0.027100
MSFT,2026-02-27,0.943000,0.803000,-0.170300,0.022500,-0.263300,0.861000,-0.169600,-0.265200
NVDA,2026-02-27,1.566000,1.841000,0.631800,0.240100,0.357100,1.318000,0.421200,0.238000
META,2026-02-27,0.794000,0.714000,0.057000,0.111500,0.043400,0.852000,0.038000,0.028900
GOOGL,2026-02-27,0.690000,0.755000,-0.021200,-0.043300,-0.000300,0.768000,-0.021800,0.001500
AMZN,2026-02-27,0.597000,0.435000,0.028300,-0.092000,-0.039800,0.530000,0.047800,0.027200
TSLA,2026-02-27,2.773000,3.675000,-0.095500,-0.036100,-0.054300,1.470000,-0.047700,-0.027200
JPM,2026-02-27,0.421000,0.507000,-0.001700,-0.275100,-0.315600,0.593000,-0.000900,-0.157800
V,2026-02-27,2.375000,1.973000,0.001700,0.275100,0.315600,1.407000,0.000800,0.157800
NFLX,2026-02-27,1.703000,1.737000,-0.024200,-0.102500,-0.045700,1.380000,-0.016100,-0.030500
AAPL,2026-03-06,0.754000,0.734000,-0.382700,-0.219400,0.042700,0.822000,-0.255200,0.028500
MSFT,2026-03-06,0.943000,0.803000,-0.163600,0.024600,-0.253700,0.861000,-0.164400,-0.258200
NVDA,2026-03-06,1.566000,1.841000,0.629300,0.239600,0.344700,1.318000,0.419500,0.229800
META,2026-03-06,0.794000,0.714000,0.063500,0.127300,0.048300,0.852000,0.042300,0.032200
GOOGL,2026-03-06,0.690000,0.755000,-0.022400,-0.049200,-0.006900,0.768000,-0.021600,-0.002400
AMZN,2026-03-06,0.597000,0.435000,0.023100,-0.091800,-0.032100,0.530000,0.045900,0.030900
TSLA,2026-03-06,2.773000,3.675000,-0.091800,-0.033400,-0.061800,1.470000,-0.045900,-0.030900
JPM,2026-03-06,0.421000,0.507000,0.000900,-0.266400,-0.317700,0.593000,0.000400,-0.158800
V,2026-03-06,2.375000,1.973000,-0.000900,0.266400,0.317700,1.407000,-0.000500,0.158900
NFLX,2026-03-06,1.703000,1.737000,-0.031100,-0.110500,-0.044700,1.380000,-0.020800,-0.029800
AAPL,2026-03-13,0.754000,0.734000,-0.368700,-0.211200,0.055600,0.822000,-0.245800,0.037100
MSFT,2026-03-13,0.943000,0.803000,-0.160900,0.022800,-0.257700,0.861000,-0.162700,-0.260700
NVDA,2026-03-13,1.566000,1.841000,0.612700,0.232900,0.335500,1.318000,0.408500,0.223700
META,2026-03-13,0.794000,0.714000,0.080400,0.125100,0.046600,0.852000,0.053600,0.031000
GOOGL,2026-03-13,0.690000,0.755000,-0.037000,-0.045700,-0.002300,0.768000,-0.035200,0.000700
AMZN,2026-03-13,0.597000,0.435000,0.032500,-0.094700,-0.037100,0.530000,0.048400,0.028900
TSLA,2026-03-13,2.773000,3.675000,-0.096700,-0.032500,-0.057700,1.470000,-0.048300,-0.028800
JPM,2026-03-13,0.421000,0.507000,-0.004500,-0.274600,-0.315800,0.593000,-0.002300,-0.157900
V,2026-03-13,2.375000,1.973000,0.004500,0.274600,0.315800,1.407000,0.002300,0.157900
NFLX,2026-03-13,1.703000,1.737000,-0.027600,-0.112300,-0.047700,1.380000,-0.018400,-0.031800
AAPL,2026-03-20,0.754000,0.734000,-0.390700,-0.223500,0.055500,0.822000,-0.260500,0.037000
MSFT,2026-03-20,0.943000,0.803000,-0.160400,0.026300,-0.266900,0.861000,-0.163700,-0.269000
NVDA,2026-03-20,1.566000,1.841000,0.636200,0.243700,0.348000,1.318000,0.424100,0.232000
META,2026-03-20,0.794000,0.714000,0.062300,0.121000,0.052600,0.852000,0.041500,0.035100
GOOGL,2026-03-20,0.690000,0.755000,-0.028000,-0.051100,-0.002800,0.768000,-0.024800,-0.000700
AMZN,2026-03-20,0.597000,0.435000,0.032400,-0.090200,-0.033300,0.530000,0.050200,0.030100
TSLA,2026-03-20,2.773000,3.675000,-0.100300,-0.035900,-0.060100,1.470000,-0.050100,-0.030100
JPM,2026-03-20,0.421000,0.507000,-0.003500,-0.262400,-0.321700,0.593000,-0.001700,-0.160800
V,2026-03-20,2.375000,1.973000,0.003500,0.262400,0.321700,1.407000,0.001800,0.160900
NFLX,2026-03-20,1.703000,1.737000,-0.025200,-0.104000,-0.051500,1.380000,-0.016800,-0.034300
AAPL,2026-03-27,0.754000,0.734000,-0.396400,-0.213900,0.048900,0.822000,-0.264200,0.032600
MSFT,2026-03-27,0.943000,0.803000,-0.180100,0.019900,-0.264600,0.861000,-0.177500,-0.266900
NVDA,2026-03-27,1.566000,1.841000,0.662700,0.239100,0.351500,1.318000,0.441800,0.234400
META,2026-03-27,0.794000,0.714000,0.055700,0.118600,0.040700,0.852000,0.037100,0.027100
GOOGL,2026-03-27,0.690000,0.755000,-0.019400,-0.044600,-0.003800,0.768000,-0.022000,-0.001500
AMZN,2026-03-27,0.597000,0.435000,0.030400,-0.092400,-0.032600,0.530000,0.051100,0.030400
TSLA,2026-03-27,2.773000,3.675000,-0.102100,-0.035600,-0.060700,1.470000,-0.051000,-0.030300
JPM,2026-03-27,0.421000,0.507000,0.003700,-0.278000,-0.310100,0.593000,0.001900,-0.155000
V,2026-03-27,2.375000,1.973000,-0.003700,0.278000,0.310100,1.407000,-0.001800,0.155100
NFLX,2026-03-27,1.703000,1.737000,-0.022700,-0.106700,-0.038400,1.380000,-0.015100,-0.025600
AAPL,2026-04-02,0.754000,0.734000,-0.381800,-0.210700,0.037600,0.822000,-0.254600,0.025100
MSFT,2026-04-02,0.943000,0.803000,-0.164200,0.017500,-0.262700,0.861000,-0.164100,-0.265500
NVDA,2026-04-02,1.566000,1.841000,0.628000,0.238000,0.360600,1.318000,0.418600,0.240400
META,2026-04-02,0.794000,0.714000,0.064600,0.124300,0.039300,0.852000,0.043100,0.026200
GOOGL,2026-04-02,0.690000,0.755000,-0.022600,-0.046800,0.000700,0.768000,-0.022700,0.003500
AMZN,2026-04-02,0.597000,0.435000,0.028900,-0.091400,-0.036900,0.530000,0.050000,0.029500
TSLA,2026-04-02,2.773000,3.675000,-0.100000,-0.036600,-0.058900,1.470000,-0.050000,-0.029400
JPM,2026-04-02,0.421000,0.507000,0.002600,-0.271600,-0.313800,0.593000,0.001300,-0.156900
V,2026-04-02,2.375000,1.973000,-0.002600,0.271600,0.313800,1.407000,-0.001300,0.156900
NFLX,2026-04-02,1.703000,1.737000,-0.030500,-0.107700,-0.044600,1.380000,-0.020300,-0.029700
AAPL,2026-04-10,0.754000,0.734000,-0.407500,-0.222600,0.065000,0.822000,-0.271700,0.043300
MSFT,2026-04-10,0.943000,0.803000,-0.178200,0.021400,-0.265900,0.861000,-0.180000,-0.270500
NVDA,2026-04-10,1.566000,1.841000,0.677600,0.247400,0.340800,1.318000,0.451700,0.227200
META,2026-04-10,0.794000,0.714000,0.058000,0.126600,0.050000,0.852000,0.038700,0.033300
GOOGL,2026-04-10,0.690000,0.755000,-0.025200,-0.046100,-0.007200,0.768000,-0.023400,-0.002600
AMZN,2026-04-10,0.597000,0.435000,0.026600,-0.091400,-0.032600,0.530000,0.047700,0.029800
TSLA,2026-04-10,2.773000,3.675000,-0.095300,-0.037400,-0.059500,1.470000,-0.047600,-0.029700
JPM,2026-04-10,0.421000,0.507000,0.001300,-0.262300,-0.318800,0.593000,0.000600,-0.159400
V,2026-04-10,2.375000,1.973000,-0.001300,0.262300,0.318800,1.407000,-0.000600,0.159400
NFLX,2026-04-10,1.703000,1.737000,-0.022900,-0.114400,-0.046100,1.380000,-0.015200,-0.030800
AAPL,2026-04-17,0.754000,0.734000,-0.407600,-0.216700,0.058200,0.822000,-0.271700,0.038800
MSFT,2026-04-17,0.943000,0.803000,-0.187000,0.022600,-0.267100,0.861000,-0.184500,-0.270900
NVDA,2026-04-17,1.566000,1.841000,0.684300,0.241100,0.348300,1.318000,0.456200,0.232200
META,2026-04-17,0.794000,0.714000,0.062600,0.120900,0.044500,0.852000,0.041800,0.029700
GOOGL,2026-04-17,0.690000,0.755000,-0.017800,-0.048200,-0.007000,0.768000,-0.020200,-0.003200
AMZN,2026-04-17,0.597000,0.435000,0.026500,-0.093300,-0.032100,0.530000,0.049900,0.029900
TSLA,2026-04-17,2.773000,3.675000,-0.099900,-0.033800,-0.059700,1.470000,-0.049900,-0.029800
JPM,2026-04-17,0.421000,0.507000,0.004200,-0.253900,-0.311100,0.593000,0.002100,-0.155500
V,2026-04-17,2.375000,1.973000,-0.004200,0.253900,0.311100,1.407000,-0.002100,0.155600
NFLX,2026-04-17,1.703000,1.737000,-0.032300,-0.106800,-0.039800,1.380000,-0.021500,-0.026500
AAPL,2026-04-24,0.754000,0.734000,-0.416500,-0.220700,0.049300,0.822000,-0.277700,0.032900
MSFT,2026-04-24,0.943000,0.803000,-0.190700,0.020500,-0.266600,0.861000,-0.190300,-0.271900
NVDA,2026-04-24,1.566000,1.841000,0.702000,0.246800,0.358600,1.318000,0.468000,0.239100
META,2026-04-24,0.794000,0.714000,0.066100,0.127000,0.045000,0.852000,0.044100,0.030000
GOOGL,2026-04-24,0.690000,0.755000,-0.023800,-0.046600,-0.007900,0.768000,-0.024200,-0.002600
AMZN,2026-04-24,0.597000,0.435000,0.030300,-0.091600,-0.035800,0.530000,0.050800,0.028600
TSLA,2026-04-24,2.773000,3.675000,-0.101600,-0.036000,-0.057100,1.470000,-0.050800,-0.028600
JPM,2026-04-24,0.421000,0.507000,0.005300,-0.254800,-0.303600,0.593000,0.002600,-0.151800
V,2026-04-24,2.375000,1.973000,-0.005300,0.254800,0.303600,1.407000,-0.002600,0.151800
NFLX,2026-04-24,1.703000,1.737000,-0.029800,-0.114000,-0.041100,1.380000,-0.019900,-0.027400
AAPL,2026-05-01,0.754000,0.734000,-0.418500,-0.217400,0.042400,0.822000,-0.279000,0.028300
MSFT,2026-05-01,0.943000,0.803000,-0.189100,0.032200,-0.266600,0.861000,-0.189700,-0.270700
NVDA,2026-05-01,1.566000,1.841000,0.703100,0.232300,0.363700,1.318000,0.468800,0.242500
META,2026-05-01,0.794000,0.714000,0.073100,0.128000,0.049900,0.852000,0.048700,0.033200
GOOGL,2026-05-01,0.690000,0.755000,-0.028200,-0.055100,-0.006700,0.768000,-0.027600,-0.002600
AMZN,2026-05-01,0.597000,0.435000,0.027500,-0.092400,-0.035500,0.530000,0.049400,0.029500
TSLA,2026-05-01,2.773000,3.675000,-0.098700,-0.034900,-0.059000,1.470000,-0.049300,-0.029500
JPM,2026-05-01,0.421000,0.507000,0.013200,-0.266600,-0.302700,0.593000,0.006600,-0.151400
V,2026-05-01,2.375000,1.973000,-0.013200,0.266600,0.302700,1.407000,-0.006600,0.151300
NFLX,2026-05-01,1.703000,1.737000,-0.031700,-0.108600,-0.046000,1.380000,-0.021200,-0.030700
AAPL,2026-05-08,0.754000,0.734000,-0.399000,-0.218000,0.053500,0.822000,-0.266000,0.035600
MSFT,2026-05-08,0.943000,0.803000,-0.178200,0.025000,-0.264000,0.861000,-0.177000,-0.266600
NVDA,2026-05-08,1.566000,1.841000,0.664500,0.240100,0.346400,1.318000,0.443000,0.230900
META,2026-05-08,0.794000,0.714000,0.075100,0.129000,0.040100,0.852000,0.050000,0.026700
GOOGL,2026-05-08,0.690000,0.755000,-0.026300,-0.049500,-0.003100,0.768000,-0.027500,-0.000500
AMZN,2026-05-08,0.597000,0.435000,0.029600,-0.092400,-0.034200,0.530000,0.050700,0.030400
TSLA,2026-05-08,2.773000,3.675000,-0.101500,-0.036500,-0.060800,1.470000,-0.050800,-0.030400
JPM,2026-05-08,0.421000,0.507000,0.010300,-0.241700,-0.306800,0.593000,0.005200,-0.153400
V,2026-05-08,2.375000,1.973000,-0.010300,0.241700,0.306800,1.407000,-0.005100,0.153400
NFLX,2026-05-08,1.703000,1.737000,-0.033800,-0.114300,-0.039400,1.380000,-0.022600,-0.026300
AAPL,2026-05-15,0.754000,0.734000,-0.410200,-0.224800,0.049500,0.822000,-0.273500,0.033000
MSFT,2026-05-15,0.943000,0.803000,-0.183900,0.020300,-0.276400,0.861000,-0.184600,-0.278900
NVDA,2026-05-15,1.566000,1.841000,0.687100,0.253800,0.368800,1.318000,0.458100,0.245900
META,2026-05-15,0.794000,0.714000,0.066700,0.124000,0.049700,0.852000,0.044500,0.033100
GOOGL,2026-05-15,0.690000,0.755000,-0.031600,-0.051300,-0.002300,0.768000,-0.030900,0.000200
AMZN,2026-05-15,0.597000,0.435000,0.036000,-0.093200,-0.037300,0.530000,0.053200,0.029500
TSLA,2026-05-15,2.773000,3.675000,-0.106400,-0.035000,-0.059100,1.470000,-0.053200,-0.029600
JPM,2026-05-15,0.421000,0.507000,0.011800,-0.253100,-0.299500,0.593000,0.005900,-0.149700
V,2026-05-15,2.375000,1.973000,-0.011800,0.253100,0.299500,1.407000,-0.005900,0.149800
NFLX,2026-05-15,1.703000,1.737000,-0.020400,-0.106500,-0.050100,1.380000,-0.013600,-0.033400
AAPL,2026-05-22,0.754000,0.734000,-0.418100,-0.233200,0.048700,0.822000,-0.278800,0.032500
MSFT,2026-05-22,0.943000,0.803000,-0.176800,0.027900,-0.266200,0.861000,-0.181800,-0.271800
NVDA,2026-05-22,1.566000,1.841000,0.690800,0.253200,0.359100,1.318000,0.460500,0.239400
META,2026-05-22,0.794000,0.714000,0.076500,0.120800,0.046100,0.852000,0.051000,0.030700
GOOGL,2026-05-22,0.690000,0.755000,-0.040200,-0.052200,-0.009800,0.768000,-0.035200,-0.004200
AMZN,2026-05-22,0.597000,0.435000,0.038000,-0.093700,-0.032000,0.530000,0.053200,0.030300
TSLA,2026-05-22,2.773000,3.675000,-0.106400,-0.035400,-0.060500,1.470000,-0.053200,-0.030200
JPM,2026-05-22,0.421000,0.507000,0.007700,-0.243500,-0.299300,0.593000,0.003900,-0.149600
V,2026-05-22,2.375000,1.973000,-0.007700,0.243500,0.299300,1.407000,-0.003900,0.149700
NFLX,2026-05-22,1.703000,1.737000,-0.023700,-0.104300,-0.039800,1.380000,-0.015800,-0.026600
AAPL,2026-05-29,0.754000,0.734000,-0.424400,-0.227200,0.036200,0.822000,-0.283000,0.024100
MSFT,2026-05-29,0.943000,0.803000,-0.188300,0.023900,-0.268900,0.861000,-0.189000,-0.272800
NVDA,2026-05-29,1.566000,1.841000,0.707900,0.250400,0.373100,1.318000,0.471900,0.248700
META,2026-05-29,0.794000,0.714000,0.065600,0.115300,0.044300,0.852000,0.043700,0.029500
GOOGL,2026-05-29,0.690000,0.755000,-0.027400,-0.045800,-0.005300,0.768000,-0.026800,-0.001400
AMZN,2026-05-29,0.597000,0.435000,0.033900,-0.094800,-0.032200,0.530000,0.052700,0.032200
TSLA,2026-05-29,2.773000,3.675000,-0.105400,-0.036200,-0.064400,1.470000,-0.052700,-0.032200
JPM,2026-05-29,0.421000,0.507000,0.011800,-0.237400,-0.302100,0.593000,0.005900,-0.151000
V,2026-05-29,2.375000,1.973000,-0.011800,0.237400,0.302100,1.407000,-0.005900,0.151100
NFLX,2026-05-29,1.703000,1.737000,-0.025400,-0.105700,-0.042300,1.380000,-0.017000,-0.028200
AAPL,2026-06-05,0.754000,0.734000,-0.421900,-0.233100,0.046400,0.822000,-0.281300,0.030900
MSFT,2026-06-05,0.943000,0.803000,-0.185400,0.030900,-0.263100,0.861000,-0.187400,-0.268700
NVDA,2026-06-05,1.566000,1.841000,0.703000,0.251900,0.356600,1.318000,0.468600,0.237700
META,2026-06-05,0.794000,0.714000,0.067200,0.125200,0.046300,0.852000,0.044800,0.030900
GOOGL,2026-06-05,0.690000,0.755000,-0.032100,-0.056300,-0.011000,0.768000,-0.030200,-0.005400
AMZN,2026-06-05,0.597000,0.435000,0.036800,-0.092100,-0.033000,0.530000,0.054100,0.030000
TSLA,2026-06-05,2.773000,3.675000,-0.108200,-0.035600,-0.060000,1.470000,-0.054100,-0.030000
JPM,2026-06-05,0.421000,0.507000,0.014900,-0.237700,-0.301500,0.593000,0.007400,-0.150700
V,2026-06-05,2.375000,1.973000,-0.014900,0.237700,0.301500,1.407000,-0.007400,0.150800
NFLX,2026-06-05,1.703000,1.737000,-0.021900,-0.105800,-0.038100,1.380000,-0.014600,-0.025400
AAPL,2026-06-12,0.754000,0.734000,-0.439800,-0.226900,0.044400,0.822000,-0.293200,0.029600
MSFT,2026-06-12,0.943000,0.803000,-0.190300,0.028700,-0.268300,0.861000,-0.195400,-0.275500
NVDA,2026-06-12,1.566000,1.841000,0.732900,0.248800,0.368800,1.318000,0.488600,0.245800
META,2026-06-12,0.794000,0.714000,0.062500,0.135200,0.053000,0.852000,0.041700,0.035300
GOOGL,2026-06-12,0.690000,0.755000,-0.037200,-0.058600,-0.013200,0.768000,-0.032100,-0.006100
AMZN,2026-06-12,0.597000,0.435000,0.042200,-0.090600,-0.032000,0.530000,0.055200,0.030300
TSLA,2026-06-12,2.773000,3.675000,-0.110500,-0.037200,-0.060600,1.470000,-0.055200,-0.030300
JPM,2026-06-12,0.421000,0.507000,0.014600,-0.226400,-0.300400,0.593000,0.007300,-0.150200
V,2026-06-12,2.375000,1.973000,-0.014600,0.226400,0.300400,1.407000,-0.007300,0.150200
NFLX,2026-06-12,1.703000,1.737000,-0.014300,-0.112300,-0.043900,1.380000,-0.009500,-0.029300
AAPL,2026-06-18,0.754000,0.734000,-0.438600,-0.221700,0.047500,0.822000,-0.292400,0.031700
MSFT,2026-06-18,0.943000,0.803000,-0.188500,0.024800,-0.267500,0.861000,-0.194300,-0.272500
NVDA,2026-06-18,1.566000,1.841000,0.730100,0.247200,0.361200,1.318000,0.486700,0.240800
META,2026-06-18,0.794000,0.714000,0.076800,0.134400,0.049100,0.852000,0.051200,0.032800
GOOGL,2026-06-18,0.690000,0.755000,-0.043800,-0.059500,-0.006200,0.768000,-0.038000,-0.001100
AMZN,2026-06-18,0.597000,0.435000,0.036200,-0.088500,-0.035100,0.530000,0.052500,0.031200
TSLA,2026-06-18,2.773000,3.675000,-0.104900,-0.037600,-0.062300,1.470000,-0.052400,-0.031100
JPM,2026-06-18,0.421000,0.507000,0.026200,-0.238300,-0.302100,0.593000,0.013100,-0.151000
V,2026-06-18,2.375000,1.973000,-0.026200,0.238300,0.302100,1.407000,-0.013100,0.151100
NFLX,2026-06-18,1.703000,1.737000,-0.019800,-0.107700,-0.047500,1.380000,-0.013200,-0.031600
AAPL,2026-06-26,0.754000,0.734000,-0.440100,-0.227400,0.054200,0.822000,-0.293400,0.036100
MSFT,2026-06-26,0.943000,0.803000,-0.194400,0.031500,-0.269700,0.861000,-0.197700,-0.275600
NVDA,2026-06-26,1.566000,1.841000,0.736700,0.245900,0.359200,1.318000,0.491100,0.239400
META,2026-06-26,0.794000,0.714000,0.078300,0.129500,0.048100,0.852000,0.052200,0.032100
GOOGL,2026-06-26,0.690000,0.755000,-0.040300,-0.058400,-0.008700,0.768000,-0.037000,-0.002800
AMZN,2026-06-26,0.597000,0.435000,0.034800,-0.089900,-0.035200,0.530000,0.052600,0.030000
TSLA,2026-06-26,2.773000,3.675000,-0.105100,-0.037500,-0.060000,1.470000,-0.052500,-0.030000
JPM,2026-06-26,0.421000,0.507000,0.025300,-0.222600,-0.291400,0.593000,0.012700,-0.145700
V,2026-06-26,2.375000,1.973000,-0.025300,0.222600,0.291400,1.407000,-0.012600,0.145700
NFLX,2026-06-26,1.703000,1.737000,-0.022800,-0.107500,-0.043800,1.380000,-0.015200,-0.029200
AAPL,2026-07-02,0.754000,0.734000,-0.434800,-0.223900,0.061200,0.822000,-0.289900,0.040800
MSFT,2026-07-02,0.943000,0.803000,-0.176300,0.022400,-0.267100,0.861000,-0.183600,-0.273800
NVDA,2026-07-02,1.566000,1.841000,0.710300,0.252300,0.349400,1.318000,0.473500,0.232900
META,2026-07-02,0.794000,0.714000,0.072900,0.126800,0.048900,0.852000,0.048600,0.032600
GOOGL,2026-07-02,0.690000,0.755000,-0.041900,-0.056700,-0.013500,0.768000,-0.034600,-0.006900
AMZN,2026-07-02,0.597000,0.435000,0.033200,-0.089500,-0.030300,0.530000,0.051100,0.031900
TSLA,2026-07-02,2.773000,3.675000,-0.102200,-0.038100,-0.063800,1.470000,-0.051100,-0.031900
JPM,2026-07-02,0.421000,0.507000,0.021400,-0.238500,-0.286200,0.593000,0.010700,-0.143100
V,2026-07-02,2.375000,1.973000,-0.021400,0.238500,0.286200,1.407000,-0.010700,0.143100
NFLX,2026-07-02,1.703000,1.737000,-0.021000,-0.103700,-0.038700,1.380000,-0.014000,-0.025800
AAPL,2026-07-10,0.754000,0.734000,-0.430400,-0.221900,0.057000,0.822000,-0.286900,0.038000
MSFT,2026-07-10,0.943000,0.803000,-0.179600,0.031200,-0.274500,0.861000,-0.187200,-0.279200
NVDA,2026-07-10,1.566000,1.841000,0.711200,0.242600,0.361800,1.318000,0.474200,0.241200
META,2026-07-10,0.794000,0.714000,0.074700,0.126600,0.049900,0.852000,0.049800,0.033300
GOOGL,2026-07-10,0.690000,0.755000,-0.046700,-0.060800,-0.010000,0.768000,-0.039100,-0.005300
AMZN,2026-07-10,0.597000,0.435000,0.042600,-0.092100,-0.033100,0.530000,0.054900,0.030000
TSLA,2026-07-10,2.773000,3.675000,-0.109700,-0.032800,-0.059900,1.470000,-0.054800,-0.030000
JPM,2026-07-10,0.421000,0.507000,0.028800,-0.226400,-0.301500,0.593000,0.014400,-0.150700
V,2026-07-10,2.375000,1.973000,-0.028800,0.226400,0.301500,1.407000,-0.014400,0.150800
NFLX,2026-07-10,1.703000,1.737000,-0.016100,-0.102900,-0.041900,1.380000,-0.010700,-0.027900
AAPL,2026-07-17,0.754000,0.734000,-0.435400,-0.225700,0.042500,0.822000,-0.290300,0.028300
MSFT,2026-07-17,0.943000,0.803000,-0.187100,0.029200,-0.271600,0.861000,-0.191200,-0.279000
NVDA,2026-07-17,1.566000,1.841000,0.722300,0.246900,0.376000,1.318000,0.481500,0.250600
META,2026-07-17,0.794000,0.714000,0.080800,0.125800,0.055700,0.852000,0.053900,0.037200
GOOGL,2026-07-17,0.690000,0.755000,-0.040800,-0.057600,-0.016700,0.768000,-0.036700,-0.009300
AMZN,2026-07-17,0.597000,0.435000,0.040000,-0.090700,-0.029300,0.530000,0.055000,0.031700
TSLA,2026-07-17,2.773000,3.675000,-0.109900,-0.037100,-0.063400,1.470000,-0.054900,-0.031700
JPM,2026-07-17,0.421000,0.507000,0.031400,-0.225100,-0.289200,0.593000,0.015700,-0.144600
V,2026-07-17,2.375000,1.973000,-0.031400,0.225100,0.289200,1.407000,-0.015700,0.144600
NFLX,2026-07-17,1.703000,1.737000,-0.025700,-0.104300,-0.041800,1.380000,-0.017100,-0.027800
AAPL,2026-07-24,0.754000,0.734000,-0.441000,-0.226500,0.071300,0.822000,-0.294000,0.047500
MSFT,2026-07-24,0.943000,0.803000,-0.182500,0.019800,-0.270800,0.861000,-0.191000,-0.277300
NVDA,2026-07-24,1.566000,1.841000,0.727500,0.258700,0.344600,1.318000,0.485000,0.229700
META,2026-07-24,0.794000,0.714000,0.071000,0.128100,0.058400,0.852000,0.047300,0.038900
GOOGL,2026-07-24,0.690000,0.755000,-0.043500,-0.057800,-0.017100,0.768000,-0.035000,-0.010700
AMZN,2026-07-24,0.597000,0.435000,0.044600,-0.089300,-0.028400,0.530000,0.055500,0.031700
TSLA,2026-07-24,2.773000,3.675000,-0.111000,-0.038100,-0.063400,1.470000,-0.055500,-0.031700
JPM,2026-07-24,0.421000,0.507000,0.023900,-0.230000,-0.283100,0.593000,0.012000,-0.141500
V,2026-07-24,2.375000,1.973000,-0.023900,0.230000,0.283100,1.407000,-0.012000,0.141600
NFLX,2026-07-24,1.703000,1.737000,-0.018400,-0.103200,-0.042400,1.380000,-0.012300,-0.028300
AAPL,2026-07-31,0.754000,0.734000,-0.428500,-0.230500,0.057200,0.822000,-0.285700,0.038100
MSFT,2026-07-31,0.943000,0.803000,-0.183300,0.024200,-0.266700,0.861000,-0.189800,-0.274700
NVDA,2026-07-31,1.566000,1.841000,0.713200,0.258500,0.354900,1.318000,0.475500,0.236600
META,2026-07-31,0.794000,0.714000,0.077700,0.129400,0.052000,0.852000,0.051800,0.034700
GOOGL,2026-07-31,0.690000,0.755000,-0.046200,-0.059700,-0.015500,0.768000,-0.039700,-0.007400
AMZN,2026-07-31,0.597000,0.435000,0.044600,-0.089600,-0.030200,0.530000,0.054700,0.031000
TSLA,2026-07-31,2.773000,3.675000,-0.109300,-0.036100,-0.062100,1.470000,-0.054600,-0.031100
JPM,2026-07-31,0.421000,0.507000,0.021400,-0.214400,-0.301600,0.593000,0.010700,-0.150800
V,2026-07-31,2.375000,1.973000,-0.021400,0.214400,0.301600,1.407000,-0.010700,0.150800
NFLX,2026-07-31,1.703000,1.737000,-0.018200,-0.104100,-0.040800,1.380000,-0.012100,-0.027200
AAPL,2026-08-07,0.754000,0.734000,-0.420300,-0.235300,0.054800,0.822000,-0.280200,0.036600
MSFT,2026-08-07,0.943000,0.803000,-0.179000,0.039100,-0.283100,0.861000,-0.184800,-0.287400
NVDA,2026-08-07,1.566000,1.841000,0.697600,0.247800,0.376300,1.318000,0.465100,0.250900
META,2026-08-07,0.794000,0.714000,0.077200,0.141100,0.052700,0.852000,0.051400,0.035100
GOOGL,2026-08-07,0.690000,0.755000,-0.049700,-0.069400,-0.011500,0.768000,-0.043900,-0.007100
AMZN,2026-08-07,0.597000,0.435000,0.042100,-0.090300,-0.030200,0.530000,0.054000,0.030600
TSLA,2026-08-07,2.773000,3.675000,-0.107900,-0.036000,-0.061200,1.470000,-0.053900,-0.030600
JPM,2026-08-07,0.421000,0.507000,0.032000,-0.223400,-0.295400,0.593000,0.016000,-0.147700
V,2026-08-07,2.375000,1.973000,-0.032000,0.223400,0.295400,1.407000,-0.016000,0.147700
NFLX,2026-08-07,1.703000,1.737000,-0.011300,-0.108000,-0.042000,1.380000,-0.007600,-0.028000
AAPL,2026-08-14,0.754000,0.734000,-0.440100,-0.226400,0.053500,0.822000,-0.293400,0.035600
MSFT,2026-08-14,0.943000,0.803000,-0.191100,0.029800,-0.267200,0.861000,-0.197100,-0.275200
NVDA,2026-08-14,1.566000,1.841000,0.735900,0.247800,0.359300,1.318000,0.490600,0.239500
META,2026-08-14,0.794000,0.714000,0.086800,0.137700,0.056000,0.852000,0.057900,0.037400
GOOGL,2026-08-14,0.690000,0.755000,-0.045400,-0.063900,-0.017000,0.768000,-0.039300,-0.009000
AMZN,2026-08-14,0.597000,0.435000,0.043500,-0.087800,-0.033600,0.530000,0.055100,0.029000
TSLA,2026-08-14,2.773000,3.675000,-0.110200,-0.037300,-0.058000,1.470000,-0.055100,-0.029000
JPM,2026-08-14,0.421000,0.507000,0.025400,-0.228000,-0.291000,0.593000,0.012700,-0.145500
V,2026-08-14,2.375000,1.973000,-0.025400,0.228000,0.291000,1.407000,-0.012700,0.145500
NFLX,2026-08-14,1.703000,1.737000,-0.027800,-0.108000,-0.042500,1.380000,-0.018500,-0.028300
AAPL,2026-08-21,0.754000,0.734000,-0.438700,-0.230400,0.044400,0.822000,-0.292500,0.029600
MSFT,2026-08-21,0.943000,0.803000,-0.187800,0.032600,-0.271300,0.861000,-0.196100,-0.279800
NVDA,2026-08-21,1.566000,1.841000,0.732800,0.254100,0.375400,1.318000,0.488500,0.250300
META,2026-08-21,0.794000,0.714000,0.076100,0.139300,0.053700,0.852000,0.050700,0.035800
GOOGL,2026-08-21,0.690000,0.755000,-0.050500,-0.077500,-0.018500,0.768000,-0.042200,-0.009900
AMZN,2026-08-21,0.597000,0.435000,0.039200,-0.083700,-0.032000,0.530000,0.051600,0.029400
TSLA,2026-08-21,2.773000,3.675000,-0.103100,-0.035400,-0.058800,1.470000,-0.051500,-0.029400
JPM,2026-08-21,0.421000,0.507000,0.022700,-0.224100,-0.291100,0.593000,0.011300,-0.145500
V,2026-08-21,2.375000,1.973000,-0.022700,0.224100,0.291100,1.407000,-0.011300,0.145600
NFLX,2026-08-21,1.703000,1.737000,-0.012800,-0.095700,-0.038700,1.380000,-0.008500,-0.025800
