ticker,snapshot_date,earnings_date,eps_estimate,eps_actual,eps_surprise_pct,revenue_estimate,revenue_actual,revenue_surprise_pct,guidance_direction,earnings_sentiment,management_confidence
AAPL,2025-11-24,2025-10-15,7.006000,6.799000,-0.024500,97750000000,97153725000,-0.006100,down,0.644000,0.485000
MSFT,2025-11-24,2025-10-08,11.913000,13.183000,0.062300,63500000000,65455800000,0.030800,up,0.675000,0.709000
NVDA,2025-11-24,2025-10-15,2.869000,2.791000,-0.050700,32625000000,31766962500,-0.026300,down,0.240000,0.310000
META,2025-11-24,2025-10-08,21.793000,21.630000,-0.018600,41125000000,40771325000,-0.008600,flat,0.351000,0.391000
GOOGL,2025-11-24,2025-08-27,7.938000,8.485000,0.055300,87500000000,89407500000,0.021800,up,0.705000,0.673000
AMZN,2025-11-24,2025-10-15,5.143000,4.728000,-0.080100,159500000000,150089500000,-0.059000,down,0.121000,0.188000
TSLA,2025-11-24,2025-08-27,2.129000,1.902000,-0.067700,24425000000,23467540000,-0.039200,down,0.292000,0.387000
JPM,2025-11-24,2025-09-17,19.413000,19.675000,-0.003800,44400000000,45070440000,0.015100,flat,0.455000,0.397000
V,2025-11-24,2025-09-10,9.991000,9.633000,-0.010000,9000000000,8891100000,-0.012100,flat,0.395000,0.534000
NFLX,2025-11-24,2025-10-15,19.210000,20.139000,0.015600,9750000000,9810450000,0.006200,flat,0.510000,0.446000
AAPL,2025-12-01,2025-10-15,7.118000,7.167000,0.028200,97856209135,98433560769,0.005900,flat,0.512000,0.513000
MSFT,2025-12-01,2025-10-08,12.892000,11.744000,-0.053700,63674502885,62458319880,-0.019100,down,0.294000,0.517000
NVDA,2025-12-01,2025-10-15,2.882000,2.914000,-0.008800,33094486298,33739828781,0.019500,flat,0.425000,0.433000
META,2025-12-01,2025-10-08,21.755000,23.294000,0.056900,41288076442,42650582965,0.033000,up,0.591000,0.667000
GOOGL,2025-12-01,2025-11-26,8.315000,7.781000,-0.032200,87711850962,87966215329,0.002900,down,0.275000,0.525000
AMZN,2025-12-01,2025-10-15,5.264000,5.039000,-0.019700,159806424038,159470830548,-0.002100,flat,0.373000,0.357000
TSLA,2025-12-01,2025-11-26,2.067000,1.851000,-0.092500,24429180433,23415369445,-0.041500,down,0.171000,0.036000
JPM,2025-12-01,2025-09-17,19.207000,20.467000,0.036300,44497765385,45467816670,0.021800,flat,0.639000,0.643000
V,2025-12-01,2025-09-10,9.372000,9.950000,0.022600,9018259615,8982186577,-0.004000,flat,0.606000,0.729000
NFLX,2025-12-01,2025-10-15,20.047000,21.948000,0.106800,9777375000,10276021125,0.051000,up,0.862000,0.849000
AAPL,2025-12-08,2025-10-15,6.979000,7.996000,0.147200,97960914423,105660642297,0.078600,up,1,0.813000
MSFT,2025-12-08,2025-10-08,12.317000,11.771000,-0.051500,63844365385,62043954281,-0.028200,down,0.279000,0.521000
NVDA,2025-12-08,2025-10-15,2.888000,3.104000,0.055900,33557824038,34890069653,0.039700,up,0.719000,0.607000
META,2025-12-08,2025-10-08,21.741000,24.165000,0.096400,41455107212,43299859482,0.044500,up,0.871000,0.699000
GOOGL,2025-12-08,2025-11-26,7.830000,8.029000,-0.001400,87926730769,86713341885,-0.013800,flat,0.522000,0.583000
AMZN,2025-12-08,2025-10-15,5.040000,5.234000,0.018200,160118369231,163288712942,0.019800,flat,0.586000,0.778000
TSLA,2025-12-08,2025-11-26,2.075000,2.114000,0.036500,24432985096,24843459246,0.016800,flat,0.561000,0.712000
JPM,2025-12-08,2025-09-17,19.587000,17.911000,-0.093100,44594506154,42627888432,-0.044100,down,0.147000,0.214000
V,2025-12-08,2025-09-10,9.419000,9.876000,0.015000,9038423077,9107115092,0.007600,flat,0.582000,0.656000
NFLX,2025-12-08,2025-10-15,20.262000,20.754000,0.046600,9806812500,9977451038,0.017400,up,0.633000,0.628000
AAPL,2025-12-15,2025-10-15,6.876000,7.189000,0.031400,98079906250,98482033866,0.004100,flat,0.617000,0.488000
MSFT,2025-12-15,2025-10-08,12.073000,13.936000,0.123000,64036697115,68199082428,0.065000,up,1,0.788000
NVDA,2025-12-15,2025-10-15,2.881000,3.033000,0.031800,33986215385,34400847212,0.012200,flat,0.674000,0.678000
META,2025-12-15,2025-10-08,22.036000,19.915000,-0.096400,41598807452,39814218612,-0.042900,down,0.151000,0.163000
GOOGL,2025-12-15,2025-11-26,7.897000,8.202000,0.020100,88158269231,88361033250,0.002300,flat,0.643000,0.709000
AMZN,2025-12-15,2025-10-15,5.114000,5.181000,0.008000,160449638462,157914534174,-0.015800,flat,0.603000,0.652000
TSLA,2025-12-15,2025-11-26,1.998000,2.232000,0.093900,24437400385,25402677700,0.039500,up,1,0.771000
JPM,2025-12-15,2025-09-17,19.746000,19.677000,-0.003700,44681769231,44802410008,0.002700,flat,0.399000,0.487000
V,2025-12-15,2025-12-10,9.952000,9.762000,0.003300,9055765385,8887328148,-0.018600,flat,0.648000,0.513000
NFLX,2025-12-15,2025-10-15,20.413000,19.059000,-0.038900,9827850000,9761020620,-0.006800,down,0.384000,0.446000
AAPL,2025-12-22,2025-10-15,7.115000,7.729000,0.108900,98192130769,104869195662,0.068000,up,0.902000,0.883000
MSFT,2025-12-22,2025-10-08,12.285000,12.477000,0.005400,64180915385,64610927518,0.006700,flat,0.466000,0.555000
NVDA,2025-12-22,2025-10-15,2.889000,2.961000,0.007100,34428911538,34136265790,-0.008500,flat,0.583000,0.405000
META,2025-12-22,2025-10-08,21,23.153000,0.050500,41736497115,43898447666,0.051800,up,0.632000,0.778000
GOOGL,2025-12-22,2025-11-26,8.361000,8.136000,0.011900,88362211538,88680315500,0.003600,flat,0.479000,0.488000
AMZN,2025-12-22,2025-10-15,5.238000,4.730000,-0.079700,160670484615,155512962059,-0.032100,down,0.055000,0.242000
TSLA,2025-12-22,2025-11-26,2.061000,2.015000,-0.012300,24440594423,24081317685,-0.014700,flat,0.392000,0.490000
JPM,2025-12-22,2025-12-17,20.032000,19.371000,-0.019200,44778083077,43752664974,-0.022900,flat,0.452000,0.518000
V,2025-12-22,2025-12-10,10.007000,9.663000,-0.006900,9075046154,9031485932,-0.004800,flat,0.457000,0.323000
NFLX,2025-12-22,2025-10-15,19.603000,20.294000,0.023400,9866325000,10047865380,0.018400,flat,0.600000,0.480000
AAPL,2025-12-29,2025-10-15,6.841000,6.725000,-0.035100,98276346154,98276346154,0,down,0.465000,0.477000
MSFT,2025-12-29,2025-10-08,12.544000,14.281000,0.150800,64374956731,70207327811,0.090600,up,1,0.863000
NVDA,2025-12-29,2025-10-15,3,2.954000,0.004700,34844754808,34552058867,-0.008400,flat,0.700000,0.444000
META,2025-12-29,2025-10-08,21.963000,22.401000,0.016400,41939986779,41700928854,-0.005700,flat,0.592000,0.560000
GOOGL,2025-12-29,2025-11-26,7.984000,7.550000,-0.061000,88608052885,86880195853,-0.019500,down,0.336000,0.259000
AMZN,2025-12-29,2025-10-15,5.143000,5.360000,0.042800,161056658654,166532585048,0.034000,flat,0.772000,0.653000
TSLA,2025-12-29,2025-11-26,2.019000,2.269000,0.112200,24445197596,25581899284,0.046500,up,0.903000,0.800000
JPM,2025-12-29,2025-12-17,19.921000,19.248000,-0.025400,44836315385,44639035597,-0.004400,down,0.343000,0.440000
V,2025-12-29,2025-12-10,9.562000,10.427000,0.071600,9096923077,9432599538,0.036900,up,0.771000,0.747000
NFLX,2025-12-29,2025-10-15,20.454000,19.523000,-0.015500,9885843750,9724704497,-0.016300,flat,0.507000,0.514000
AAPL,2026-01-05,2025-10-15,7.036000,6.251000,-0.103200,98372592308,94427851356,-0.040100,down,0.084000,0.158000
MSFT,2026-01-05,2025-10-08,12.296000,13.217000,0.065000,64500125000,66854379562,0.036500,up,0.725000,0.558000
NVDA,2026-01-05,2025-10-15,3.019000,2.578000,-0.123200,35461116346,33514301059,-0.054900,down,0.103000,0.231000
META,2026-01-05,2025-10-08,21.836000,23.329000,0.058500,42131455288,42443228058,0.007400,up,0.894000,0.628000
GOOGL,2026-01-05,2025-11-26,8.190000,8.273000,0.029000,88766057692,90212944433,0.016300,flat,0.707000,0.486000
AMZN,2026-01-05,2025-10-15,4.998000,5.237000,0.018900,161463690385,164160134014,0.016700,flat,0.497000,0.514000
TSLA,2026-01-05,2025-11-26,2.014000,2.221000,0.088900,24448673462,25986495022,0.062900,up,0.839000,0.693000
JPM,2026-01-05,2025-12-17,19.275000,21.081000,0.067400,44948681538,46894959449,0.043300,up,0.693000,0.659000
V,2026-01-05,2025-12-10,9.550000,10.906000,0.120900,9114126923,9753938633,0.070200,up,0.852000,0.844000
NFLX,2026-01-05,2025-10-15,19.788000,21.982000,0.108500,9907275000,10314464003,0.041100,up,0.931000,0.783000
AAPL,2026-01-12,2025-10-15,6.981000,6.704000,-0.038100,98489516346,97130361021,-0.013800,down,0.506000,0.470000
MSFT,2026-01-12,2026-01-07,12.039000,13.546000,0.091500,64742035577,65680795093,0.014500,up,0.915000,0.824000
NVDA,2026-01-12,2025-10-15,2.941000,2.901000,-0.013400,35874951923,35555664851,-0.008900,flat,0.456000,0.529000
META,2026-01-12,2026-01-07,21.562000,22.020000,-0.000900,42210067308,43024721607,0.019300,flat,0.360000,0.518000
GOOGL,2026-01-12,2025-11-26,8.025000,7.242000,-0.099200,89114879808,86022593478,-0.034700,down,0.051000,0.249000
AMZN,2026-01-12,2025-10-15,5.060000,5.624000,0.094200,161687910577,170871783898,0.056800,up,0.896000,0.878000
TSLA,2026-01-12,2025-11-26,2.105000,2.184000,0.070500,24452947837,24995803279,0.022200,up,0.701000,0.675000
JPM,2026-01-12,2025-12-17,19.735000,20.088000,0.017100,45053277692,45404693258,0.007800,flat,0.463000,0.672000
V,2026-01-12,2025-12-10,9.884000,9.671000,-0.006100,9126726923,9111211487,-0.001700,flat,0.491000,0.465000
NFLX,2026-01-12,2025-10-15,19.959000,20.227000,0.020000,9935193750,9990830835,0.005600,flat,0.567000,0.751000
AAPL,2026-01-16,2026-01-14,6.830000,7.596000,0.089800,98581626923,102416452210,0.038900,up,0.803000,0.544000
MSFT,2026-01-16,2026-01-07,11.978000,11.822000,-0.047400,64916538462,64520547577,-0.006100,down,0.372000,0.298000
NVDA,2026-01-16,2026-01-14,3.029000,3.029000,0.030400,36161048077,36048948828,-0.003100,flat,0.511000,0.564000
META,2026-01-16,2026-01-07,22.038000,22.201000,0.007300,42416325000,43078019670,0.015600,flat,0.734000,0.381000
GOOGL,2026-01-16,2025-11-26,8.062000,7.951000,-0.011100,89299807692,89058698212,-0.002700,flat,0.496000,0.411000
AMZN,2026-01-16,2026-01-14,5.159000,5.102000,-0.007400,162069176923,164095041635,0.012500,flat,0.481000,0.646000
TSLA,2026-01-16,2025-11-26,2.012000,2.111000,0.034700,24454685769,24457131238,0.000100,flat,0.691000,0.607000
JPM,2026-01-16,2025-12-17,20.189000,22.681000,0.148400,45132258462,48115500746,0.066100,up,1,1
V,2026-01-16,2025-12-10,9.616000,10.127000,0.040800,9146630769,9335051363,0.020600,flat,0.774000,0.558000
NFLX,2026-01-16,2026-01-14,18.981000,19.538000,-0.014700,9974850000,10011756945,0.003700,flat,0.519000,0.453000
AAPL,2026-01-26,2026-01-14,7.064000,6.891000,-0.011300,98690655769,99588740737,0.009100,flat,0.409000,0.284000
MSFT,2026-01-26,2026-01-07,12.397000,13.161000,0.060500,65016673077,65673341475,0.010100,up,0.726000,0.728000
NVDA,2026-01-26,2026-01-14,2.976000,3.224000,0.096500,36846424038,39215649104,0.064300,up,0.957000,0.712000
META,2026-01-26,2026-01-07,22.220000,22.364000,0.014700,42571334615,43090704898,0.012200,flat,0.590000,0.359000
GOOGL,2026-01-26,2025-11-26,7.907000,8.162000,0.015200,89589903846,90987506346,0.015600,flat,0.634000,0.547000
AMZN,2026-01-26,2026-01-14,5.033000,5.138000,-0.000300,162238492308,164785636637,0.015700,flat,0.580000,0.390000
TSLA,2026-01-26,2025-11-26,2.080000,2.057000,0.008500,24459664712,24674909761,0.008800,flat,0.508000,0.467000
JPM,2026-01-26,2025-12-17,20.202000,20.293000,0.027500,45188441538,46779074681,0.035200,flat,0.578000,0.540000
V,2026-01-26,2025-12-10,9.948000,10.212000,0.049500,9166050000,9245794635,0.008700,up,0.507000,0.548000
NFLX,2026-01-26,2026-01-14,20.268000,19.991000,0.008100,10001606250,10154630826,0.015300,flat,0.451000,0.510000
AAPL,2026-02-02,2026-01-14,6.694000,6.854000,-0.016600,98851567308,98367194628,-0.004900,flat,0.394000,0.381000
MSFT,2026-02-02,2026-01-07,12.534000,11.540000,-0.070100,65209615385,62112158654,-0.047500,down,0.300000,0.243000
NVDA,2026-02-02,2026-01-14,3.015000,3.033000,0.031500,37218223558,37649954951,0.011600,flat,0.631000,0.579000
META,2026-02-02,2026-01-07,22.649000,22.979000,0.042600,42686168269,43996633635,0.030700,flat,0.610000,0.617000
GOOGL,2026-02-02,2025-11-26,8.384000,8.809000,0.095600,89951682692,94503237837,0.050600,up,0.988000,0.831000
AMZN,2026-02-02,2026-01-14,5.190000,5.562000,0.082100,162662394231,166631356650,0.024400,up,0.801000,0.714000
TSLA,2026-02-02,2025-11-26,2.021000,2.074000,0.016700,24466334615,24197204935,-0.011000,flat,0.596000,0.412000
JPM,2026-02-02,2025-12-17,19.664000,21.012000,0.063900,45301661538,46841918031,0.034000,up,0.853000,0.805000
V,2026-02-02,2025-12-10,9.819000,10.178000,0.046000,9185192308,9165903404,-0.002100,up,0.687000,0.773000
NFLX,2026-02-02,2026-01-14,19.541000,20.669000,0.042300,10019062500,10217439938,0.019800,flat,0.593000,0.575000
AAPL,2026-02-09,2026-01-14,6.974000,6.670000,-0.043100,98926571635,95938989171,-0.030200,down,0.313000,0.278000
MSFT,2026-02-09,2026-01-07,12.336000,12.681000,0.021800,65398039423,65568074326,0.002600,flat,0.420000,0.339000
NVDA,2026-02-09,2026-01-14,2.982000,3.149000,0.071000,37372502163,37690168432,0.008500,up,0.847000,0.937000
META,2026-02-09,2026-01-07,21.664000,22.254000,0.009700,42870993510,43385445432,0.012000,flat,0.484000,0.339000
GOOGL,2026-02-09,2025-11-26,8.131000,8.205000,0.020500,90048774038,91381495894,0.014800,flat,0.473000,0.603000
AMZN,2026-02-09,2026-01-14,5.183000,4.941000,-0.038800,162890908654,159225863209,-0.022500,down,0.395000,0.281000
TSLA,2026-02-09,2025-11-26,2.022000,2.092000,0.025400,24465817933,24365508079,-0.004100,flat,0.662000,0.518000
JPM,2026-02-09,2025-12-17,19.983000,20.262000,0.025900,45329838462,45991654103,0.014600,flat,0.661000,0.510000
V,2026-02-09,2025-12-10,9.779000,9.521000,-0.021500,9203711538,9077620690,-0.013700,down,0.407000,0.600000
NFLX,2026-02-09,2026-01-14,19.703000,19.818000,-0.000600,10053806250,10175457306,0.012100,flat,0.466000,0.509000
AAPL,2026-02-13,2026-01-14,7.242000,7.291000,0.046100,99010975000,101169414255,0.021800,up,0.600000,0.672000
MSFT,2026-02-13,2026-01-07,12.942000,12.200000,-0.016900,65624807692,65637932654,0.000200,flat,0.369000,0.505000
NVDA,2026-02-13,2026-01-14,2.940000,2.841000,-0.033600,38219685577,37275659343,-0.024700,down,0.272000,0.334000
META,2026-02-13,2026-01-07,22.069000,22.214000,0.007900,43117980769,42725607144,-0.009100,flat,0.338000,0.607000
GOOGL,2026-02-13,2025-11-26,7.920000,8.162000,0.015200,90234038462,91046144808,0.009000,flat,0.610000,0.343000
AMZN,2026-02-13,2026-01-14,5.265000,4.943000,-0.038300,163431061538,161780407817,-0.010100,down,0.326000,0.338000
TSLA,2026-02-13,2025-11-26,1.994000,2.151000,0.054300,24475165192,25020961376,0.022300,up,0.689000,0.739000
JPM,2026-02-13,2025-12-17,19.779000,21.506000,0.088900,45455353846,46773559108,0.029000,up,0.756000,0.731000
V,2026-02-13,2025-12-10,9.923000,9.693000,-0.003800,9217661538,9259141015,0.004500,flat,0.546000,0.437000
NFLX,2026-02-13,2026-01-14,19.554000,22.961000,0.157900,10079625000,10770079312,0.068500,up,1,1
AAPL,2026-02-23,2026-01-14,7.022000,7.614000,0.092400,99196700000,102261878030,0.030900,up,0.898000,0.600000
MSFT,2026-02-23,2026-01-07,12.137000,11.963000,-0.036000,65741550000,64913206470,-0.012600,down,0.371000,0.232000
NVDA,2026-02-23,2026-01-14,2.946000,2.768000,-0.058400,38595375000,37445232825,-0.029800,down,0.273000,0.111000
META,2026-02-23,2026-01-07,22.303000,22.117000,0.003500,43212093750,43570754128,0.008300,flat,0.527000,0.636000
GOOGL,2026-02-23,2025-11-26,7.849000,7.874000,-0.020700,90632500000,88357624250,-0.025100,down,0.373000,0.552000
AMZN,2026-02-23,2026-01-14,5.226000,5.202000,0.012100,163654975000,163196741070,-0.002800,flat,0.527000,0.714000
TSLA,2026-02-23,2025-11-26,2.014000,2.055000,0.007200,24478124375,23907784077,-0.023300,flat,0.510000,0.659000
JPM,2026-02-23,2025-12-17,19.889000,19.942000,0.009700,45601020000,45154130004,-0.009800,flat,0.548000,0.489000
V,2026-02-23,2025-12-10,9.512000,8.389000,-0.137800,9247275000,8775663975,-0.051000,down,0,0.251000
NFLX,2026-02-23,2026-01-14,19.971000,20.177000,0.017500,10112943750,10321270391,0.020600,flat,0.446000,0.480000
AAPL,2026-03-02,2026-01-14,6.957000,7.365000,0.056700,99265876923,100923617068,0.016700,up,0.909000,0.646000
MSFT,2026-03-02,2026-01-07,12.717000,12.099000,-0.025100,66037069231,64914439054,-0.017000,down,0.442000,0.523000
NVDA,2026-03-02,2026-01-14,2.852000,3.053000,0.038600,39057269712,39479088224,0.010800,flat,0.640000,0.691000
META,2026-03-02,2026-01-07,21.547000,22.476000,0.019800,43449037019,44304983049,0.019700,flat,0.604000,0.302000
GOOGL,2026-03-02,2026-02-25,8.174000,8.150000,0.013700,90939423077,92348984135,0.015500,flat,0.497000,0.716000
AMZN,2026-03-02,2026-01-14,5.036000,5.025000,-0.022400,163807113462,163872636307,0.000400,down,0.383000,0.394000
TSLA,2026-03-02,2026-02-25,2.075000,1.994000,-0.022600,24480895673,24263015702,-0.008900,down,0.339000,0.304000
JPM,2026-03-02,2025-12-17,20.456000,18.782000,-0.049000,45679061538,44527949188,-0.025200,down,0.359000,0.264000
V,2026-03-02,2025-12-10,9.511000,10.915000,0.121800,9257088462,9688468784,0.046600,up,0.987000,0.957000
NFLX,2026-03-02,2026-01-14,20.101000,21.508000,0.084600,10135350000,10508330880,0.036800,up,0.771000,0.594000
AAPL,2026-03-09,2026-01-14,6.838000,7.263000,0.042100,99433367788,102754442273,0.033400,flat,0.654000,0.698000
MSFT,2026-03-09,2026-01-07,12.756000,12.971000,0.045200,66115711538,67259513348,0.017300,up,0.688000,0.709000
NVDA,2026-03-09,2026-01-14,2.959000,3.113000,0.058700,39344495192,41284178805,0.049300,up,0.579000,0.705000
META,2026-03-09,2026-01-07,22.653000,21.169000,-0.039500,43808406250,42862144675,-0.021600,down,0.362000,0.472000
GOOGL,2026-03-09,2026-02-25,8.173000,8.243000,0.025300,90968028846,93460552837,0.027400,flat,0.600000,0.491000
AMZN,2026-03-09,2026-01-14,5.157000,5.272000,0.025600,164363216346,165267214036,0.005500,flat,0.618000,0.434000
TSLA,2026-03-09,2026-02-25,2.073000,2.182000,0.069700,24488411058,25296528623,0.033000,up,0.743000,0.721000
JPM,2026-03-09,2025-12-17,20.259000,21.405000,0.083800,45670523077,47716562511,0.044800,up,0.856000,0.720000
V,2026-03-09,2025-12-10,9.542000,9.635000,-0.009800,9269221154,9198775073,-0.007600,flat,0.565000,0.598000
NFLX,2026-03-09,2026-01-14,19.508000,20.734000,0.045600,10183687500,10414857206,0.022700,up,0.715000,0.715000
AAPL,2026-03-16,2026-01-14,7.016000,6.802000,-0.024100,99467392308,99716060788,0.002500,down,0.419000,0.506000
MSFT,2026-03-16,2026-01-07,12.405000,11.400000,-0.081400,66506969231,63946450915,-0.038500,down,0.107000,0.203000
NVDA,2026-03-16,2026-01-14,2.937000,2.978000,0.012800,40070526923,40699634196,0.015700,flat,0.586000,0.426000
META,2026-03-16,2026-01-07,22.609000,20.887000,-0.052300,43788634615,43398915767,-0.008900,down,0.299000,0.307000
GOOGL,2026-03-16,2026-02-25,8.013000,7.643000,-0.049400,91382307692,89801393769,-0.017300,down,0.248000,0.294000
AMZN,2026-03-16,2026-01-14,5.133000,5.243000,0.020100,164839569231,166883579889,0.012400,flat,0.680000,0.630000
TSLA,2026-03-16,2026-02-25,2.130000,2.261000,0.108400,24488880769,25693733703,0.049200,up,0.973000,0.661000
JPM,2026-03-16,2025-12-17,19.973000,19.361000,-0.019700,45798941538,44901282284,-0.019600,flat,0.387000,0.360000
V,2026-03-16,2026-03-11,9.722000,10.714000,0.101100,9293261538,9705882351,0.044400,up,0.909000,0.917000
NFLX,2026-03-16,2026-01-14,20.530000,19.868000,0.001900,10206600000,10060645620,-0.014300,flat,0.666000,0.507000
AAPL,2026-03-23,2026-01-14,6.994000,7.152000,0.026100,99600294712,100715818012,0.011200,flat,0.622000,0.556000
MSFT,2026-03-23,2026-01-07,12.533000,13.717000,0.105300,66501840385,72107945529,0.084300,up,0.898000,0.765000
NVDA,2026-03-23,2026-01-14,2.947000,3.218000,0.094400,40772654567,41906134364,0.027800,up,0.929000,0.953000
META,2026-03-23,2026-01-07,21.221000,22.293000,0.011500,43968556490,44113652727,0.003300,flat,0.533000,0.499000
GOOGL,2026-03-23,2026-02-25,8.114000,8.353000,0.038900,91859519231,92759742519,0.009800,flat,0.567000,0.680000
AMZN,2026-03-23,2026-01-14,5.240000,5.422000,0.054900,165298438462,169050713015,0.022700,up,0.852000,0.734000
TSLA,2026-03-23,2026-02-25,2.152000,2.169000,0.063100,24497664375,24906775370,0.016700,up,0.794000,0.663000
JPM,2026-03-23,2026-03-18,19.468000,19.955000,0.010400,45916857692,45889307578,-0.000600,flat,0.533000,0.566000
V,2026-03-23,2026-03-11,10.002000,9.139000,-0.060700,9296584615,8955399960,-0.036700,down,0.267000,0.411000
NFLX,2026-03-23,2026-01-14,19.526000,20.084000,0.012800,10257768750,10477285001,0.021400,flat,0.534000,0.563000
AAPL,2026-03-30,2026-01-14,6.988000,6.863000,-0.015300,99780192308,98163753192,-0.016200,flat,0.411000,0.467000
MSFT,2026-03-30,2026-01-07,12.271000,13.192000,0.063000,66808105769,69720939181,0.043600,up,0.812000,0.864000
NVDA,2026-03-30,2026-01-14,2.990000,3.312000,0.126700,40905225000,42578248703,0.040900,up,1,1
META,2026-03-30,2026-01-07,22.392000,20.984000,-0.047900,44208425962,42966169192,-0.028100,down,0.278000,0.316000
GOOGL,2026-03-30,2026-02-25,8.024000,9.024000,0.122400,92067500000,95326689500,0.035400,up,0.984000,0.958000
AMZN,2026-03-30,2026-01-14,5.067000,4.870000,-0.052600,165490451923,161369739670,-0.024900,down,0.295000,0.407000
TSLA,2026-03-30,2026-02-25,2.014000,2.161000,0.059200,24496865865,25204825289,0.028900,up,0.714000,0.670000
JPM,2026-03-30,2026-03-18,19.896000,20.641000,0.045100,46076783077,46648135187,0.012400,up,0.777000,0.625000
V,2026-03-30,2026-03-11,9.607000,9.727000,-0.000300,9331788462,9520290588,0.020200,flat,0.457000,0.523000
NFLX,2026-03-30,2026-01-14,20.509000,20.996000,0.058800,10267050000,10580195025,0.030500,up,0.614000,0.803000
AAPL,2026-04-06,2026-01-14,6.955000,6.842000,-0.018400,99903695673,97795727694,-0.021100,flat,0.508000,0.439000
MSFT,2026-04-06,2026-01-07,12.381000,12.303000,-0.008600,67026692308,66423452077,-0.009000,flat,0.591000,0.462000
NVDA,2026-04-06,2026-01-14,2.857000,3.092000,0.051800,41967231490,43637527304,0.039800,up,0.708000,0.579000
META,2026-04-06,2026-01-07,21.401000,22.280000,0.010900,44262521154,44749408887,0.011000,flat,0.513000,0.474000
GOOGL,2026-04-06,2026-02-25,8.031000,7.976000,-0.007900,92190168269,92411424673,0.002400,flat,0.487000,0.546000
AMZN,2026-04-06,2026-01-14,5.139000,5.125000,-0.003000,165595967308,164486474327,-0.006700,flat,0.693000,0.484000
TSLA,2026-04-06,2026-02-25,2.047000,2.009000,-0.015100,24507998029,24194295654,-0.012800,flat,0.383000,0.705000
JPM,2026-04-06,2026-03-18,19.795000,19.483000,-0.013500,46019063077,46566689928,0.011900,flat,0.293000,0.428000
V,2026-04-06,2026-03-11,9.746000,9.982000,0.025900,9323913462,9610157605,0.030700,flat,0.509000,0.643000
NFLX,2026-04-06,2026-01-14,20.325000,20.986000,0.058300,10301831250,10607795638,0.029700,up,0.726000,0.799000
AAPL,2026-04-13,2026-01-14,6.926000,7.065000,0.013700,100047125000,100447313500,0.004000,flat,0.618000,0.565000
MSFT,2026-04-13,2026-04-08,12.341000,13.594000,0.095400,67121942308,70652556473,0.052600,up,0.868000,0.803000
NVDA,2026-04-13,2026-01-14,2.964000,2.997000,0.019300,42525432692,43541790534,0.023900,flat,0.623000,0.607000
META,2026-04-13,2026-04-08,22.582000,23.080000,0.047200,44568427885,44506032086,-0.001400,up,0.603000,0.712000
GOOGL,2026-04-13,2026-02-25,8.179000,7.743000,-0.037000,92739903846,92062902548,-0.007300,down,0.315000,0.254000
AMZN,2026-04-13,2026-01-14,5.274000,4.869000,-0.052800,166174461538,160109093692,-0.036500,down,0.287000,0.414000
TSLA,2026-04-13,2026-02-25,2.091000,2.109000,0.034000,24508608654,24812515401,0.012400,flat,0.648000,0.480000
JPM,2026-04-13,2026-03-18,19.530000,18.895000,-0.043300,46164046154,45776268166,-0.008400,down,0.289000,0.432000
V,2026-04-13,2026-03-11,9.963000,9.810000,0.008200,9343038462,9384147831,0.004400,flat,0.497000,0.503000
NFLX,2026-04-13,2026-01-14,20.082000,19.584000,-0.012400,10329000000,10061478900,-0.025900,flat,0.541000,0.444000
AAPL,2026-04-20,2026-04-15,7.041000,7.242000,0.039000,100244880769,102470317122,0.022200,flat,0.779000,0.585000
MSFT,2026-04-20,2026-04-08,12.774000,12.458000,0.003900,67362021154,67550634813,0.002800,flat,0.562000,0.476000
NVDA,2026-04-20,2026-04-15,2.875000,2.879000,-0.020600,43282646394,43304287717,0.000500,down,0.410000,0.330000
META,2026-04-20,2026-04-08,22.994000,22.230000,0.008600,44782119712,44625382293,-0.003500,flat,0.642000,0.474000
GOOGL,2026-04-20,2026-02-25,8.063000,7.710000,-0.041100,92867620192,90945260454,-0.020700,down,0.339000,0.372000
AMZN,2026-04-20,2026-04-15,5.066000,5.627000,0.094700,166643452885,178658445838,0.072100,up,0.698000,0.880000
TSLA,2026-04-20,2026-02-25,1.985000,2.144000,0.051200,24516734663,25276753438,0.031000,up,0.545000,0.439000
JPM,2026-04-20,2026-03-18,20.219000,20.639000,0.045000,46261213846,47163307516,0.019500,flat,0.680000,0.754000
V,2026-04-20,2026-03-11,9.669000,10.072000,0.035100,9358009615,9621905487,0.028200,flat,0.521000,0.580000
NFLX,2026-04-20,2026-04-15,20.528000,17.952000,-0.094700,10365037500,9953545511,-0.039700,down,0.210000,0.192000
AAPL,2026-04-27,2026-04-15,7.212000,7.503000,0.076400,100388498077,102325996090,0.019300,up,0.773000,0.786000
MSFT,2026-04-27,2026-04-08,12.405000,12.709000,0.024100,67613090385,67903826673,0.004300,flat,0.453000,0.589000
NVDA,2026-04-27,2026-04-15,2.914000,3.248000,0.104600,43827421154,46535955781,0.061800,up,1,0.893000
META,2026-04-27,2026-04-08,22.023000,22.188000,0.006700,45081541346,45185228891,0.002300,flat,0.575000,0.546000
GOOGL,2026-04-27,2026-02-25,7.939000,8.467000,0.053100,93093605769,95998126269,0.031200,up,0.725000,0.679000
AMZN,2026-04-27,2026-04-15,5.191000,5.181000,0.007900,166754182692,165270070466,-0.008900,flat,0.462000,0.492000
TSLA,2026-04-27,2026-02-25,2.049000,1.977000,-0.030700,24515936154,23937360061,-0.023600,down,0.397000,0.512000
JPM,2026-04-27,2026-03-18,19.626000,20.109000,0.018200,46460672308,47543205972,0.023300,flat,0.440000,0.830000
V,2026-04-27,2026-03-11,9.778000,9.552000,-0.018300,9367442308,9381493471,0.001500,flat,0.382000,0.459000
NFLX,2026-04-27,2026-04-15,19.992000,19.463000,-0.018500,10399687500,10170894375,-0.022000,flat,0.420000,0.594000
AAPL,2026-05-04,2026-04-15,7.032000,7.069000,0.014200,100361428846,101084031134,0.007200,flat,0.415000,0.652000
MSFT,2026-05-04,2026-04-08,12.629000,12.682000,0.021900,67696128846,68447555876,0.011100,flat,0.647000,0.927000
NVDA,2026-05-04,2026-04-15,2.942000,2.804000,-0.046100,43727663942,43430315828,-0.006800,down,0.461000,0.270000
META,2026-05-04,2026-04-08,22.073000,24.196000,0.097800,45317772837,47329881950,0.044400,up,1,0.696000
GOOGL,2026-05-04,2026-02-25,8.427000,8.218000,0.022200,93421394231,94224818221,0.008600,flat,0.630000,0.494000
AMZN,2026-05-04,2026-04-15,5.276000,5.507000,0.071400,167316726923,171349060042,0.024100,up,0.800000,0.594000
TSLA,2026-05-04,2026-02-25,2.013000,2.148000,0.052800,24525471298,25381410246,0.034900,up,0.505000,0.548000
JPM,2026-05-04,2026-03-18,19.998000,20.854000,0.055900,46526845385,47522519876,0.021400,up,0.746000,0.632000
V,2026-05-04,2026-03-11,9.609000,10.433000,0.072300,9390115385,9835206854,0.047400,up,0.814000,0.539000
NFLX,2026-05-04,2026-04-15,19.942000,22.081000,0.113500,10430943750,10983783769,0.053000,up,0.943000,0.836000
AAPL,2026-05-11,2026-04-15,6.814000,7.124000,0.022100,100601292308,102190792726,0.015800,flat,0.449000,0.608000
MSFT,2026-05-11,2026-04-08,12.623000,12.411000,0.000100,67957700000,68311080040,0.005200,flat,0.513000,0.469000
NVDA,2026-05-11,2026-04-15,3.023000,3.116000,0.059700,44592853846,44624068844,0.000700,up,0.712000,0.703000
META,2026-05-11,2026-04-08,22.152000,22.827000,0.035700,45403265385,45394184732,-0.000200,flat,0.668000,0.479000
GOOGL,2026-05-11,2026-02-25,7.779000,8.206000,0.020600,93557692308,93080548077,-0.005100,flat,0.641000,0.450000
AMZN,2026-05-11,2026-04-15,5.112000,5.429000,0.056300,168009938462,171252530274,0.019300,up,0.735000,0.762000
TSLA,2026-05-11,2026-02-25,2.010000,2.017000,-0.011500,24528712308,24776452302,0.010100,flat,0.416000,0.454000
JPM,2026-05-11,2026-03-18,19.168000,21.612000,0.094300,46557840000,48466711440,0.041000,up,0.961000,0.864000
V,2026-05-11,2026-03-11,9.556000,9.803000,0.007500,9388384615,9563008569,0.018600,flat,0.533000,0.556000
NFLX,2026-05-11,2026-04-15,19.731000,19.281000,-0.027700,10502850000,10421978055,-0.007700,down,0.436000,0.563000
AAPL,2026-05-18,2026-04-15,6.962000,6.472000,-0.071500,100762391827,96621057523,-0.041100,down,0.264000,0.460000
MSFT,2026-05-18,2026-04-08,12.285000,11.842000,-0.045800,68418197115,66283549365,-0.031200,down,0.300000,0.096000
NVDA,2026-05-18,2026-04-15,2.934000,2.746000,-0.065900,45226406250,42983176500,-0.049600,down,0.318000,0.354000
META,2026-05-18,2026-04-08,21.598000,21.121000,-0.041700,45719927885,44096870445,-0.035500,down,0.347000,0.411000
GOOGL,2026-05-18,2026-02-25,8.049000,8.561000,0.064800,93650240385,98192277043,0.048500,up,0.844000,0.884000
AMZN,2026-05-18,2026-04-15,5.142000,5.029000,-0.021500,168372187500,168422699156,0.000300,down,0.319000,0.550000
TSLA,2026-05-18,2026-02-25,2.060000,2.114000,0.036100,24534207933,24720667913,0.007600,flat,0.595000,0.512000
JPM,2026-05-18,2026-03-18,18.852000,21.206000,0.073700,46679769231,49037097577,0.050500,up,0.860000,0.718000
V,2026-05-18,2026-03-11,9.814000,10.074000,0.035400,9428798077,9688090024,0.027500,flat,0.581000,0.708000
NFLX,2026-05-18,2026-04-15,19.787000,21.038000,0.060900,10526250000,10853616375,0.031100,up,0.724000,0.558000
AAPL,2026-05-22,2026-04-15,6.785000,6.841000,-0.018500,100706937500,98823717769,-0.018700,flat,0.498000,0.493000
MSFT,2026-05-22,2026-04-08,12.462000,13.277000,0.069900,68405375000,70012901313,0.023500,up,0.925000,0.606000
NVDA,2026-05-22,2026-04-15,2.912000,2.947000,0.002400,45926212500,45577173285,-0.007600,flat,0.601000,0.479000
META,2026-05-22,2026-04-08,22.249000,23.437000,0.063400,45710437500,46268104838,0.012200,up,0.735000,0.818000
GOOGL,2026-05-22,2026-02-25,8.342000,7.430000,-0.075900,94171875000,90696932813,-0.036900,down,0.235000,0.312000
AMZN,2026-05-22,2026-04-15,5.139000,5.368000,0.044400,168663275000,173858103870,0.030800,flat,0.593000,0.450000
TSLA,2026-05-22,2026-02-25,2.090000,2.202000,0.079400,24541018750,25750890974,0.049300,up,0.687000,0.815000
JPM,2026-05-22,2026-03-18,19.482000,20.589000,0.042500,46875300000,46973738130,0.002100,flat,0.736000,0.702000
V,2026-05-22,2026-03-11,9.704000,9.639000,-0.009400,9448650000,9457153785,0.000900,flat,0.313000,0.638000
NFLX,2026-05-22,2026-04-15,19.444000,18.644000,-0.059800,10541212500,10201785458,-0.032200,down,0.299000,0.324000
AAPL,2026-06-01,2026-04-15,7.067000,7.213000,0.034800,100993232212,103356473845,0.023400,flat,0.604000,0.448000
MSFT,2026-06-01,2026-04-08,12.425000,13.124000,0.057500,68702848077,71121188329,0.035200,up,0.653000,0.634000
NVDA,2026-06-01,2026-04-15,2.921000,3.073000,0.045200,46410693750,48276403639,0.040200,up,0.655000,0.721000
META,2026-06-01,2026-04-08,21.778000,23.325000,0.058300,45972213942,47305408147,0.029000,up,0.690000,0.553000
GOOGL,2026-06-01,2026-05-27,7.959000,8.287000,0.030700,94405769231,97134095962,0.028900,flat,0.782000,0.680000
AMZN,2026-06-01,2026-04-15,5.169000,4.769000,-0.072100,169231033654,163511024716,-0.033800,down,0.172000,0.126000
TSLA,2026-06-01,2026-05-27,2.108000,2.074000,0.016600,24542944567,24798191191,0.010400,flat,0.722000,0.505000
JPM,2026-06-01,2026-03-18,19.485000,20.335000,0.029600,46908258462,47888641063,0.020900,flat,0.709000,0.665000
V,2026-06-01,2026-03-11,9.934000,9.972000,0.024900,9438801923,9414261038,-0.002600,flat,0.554000,0.549000
NFLX,2026-06-01,2026-04-15,20.329000,18.200000,-0.082200,10598475000,10196792798,-0.037900,down,0.248000,0.399000
AAPL,2026-06-08,2026-04-15,6.916000,7.037000,0.009600,101092298077,101051861158,-0.000400,flat,0.500000,0.458000
MSFT,2026-06-08,2026-04-08,12.361000,13.403000,0.080000,69015219231,72183017793,0.045900,up,0.765000,0.795000
NVDA,2026-06-08,2026-04-15,2.965000,2.905000,-0.012000,47474645192,48447875419,0.020500,flat,0.512000,0.335000
META,2026-06-08,2026-04-08,22.680000,25.644000,0.163500,45994516346,49310720975,0.072100,up,1,0.932000
GOOGL,2026-06-08,2026-05-27,8.089000,8.670000,0.078300,94383557692,98668571212,0.045400,up,0.771000,0.793000
AMZN,2026-06-08,2026-04-15,4.868000,5.344000,0.039700,169806153846,175732388615,0.034900,flat,0.497000,0.493000
TSLA,2026-06-08,2026-05-27,2.069000,2.092000,0.025400,24549943269,25333086460,0.031900,flat,0.450000,0.610000
JPM,2026-06-08,2026-03-18,19.668000,19.977000,0.011500,47039409231,47006481644,-0.000700,flat,0.554000,0.708000
V,2026-06-08,2026-03-11,9.840000,9.003000,-0.074700,9464261538,8990102035,-0.050100,down,0.118000,0.491000
NFLX,2026-06-08,2026-04-15,20.565000,19.142000,-0.034700,10635675000,10678217700,0.004000,down,0.355000,0.383000
AAPL,2026-06-15,2026-04-15,6.991000,6.434000,-0.076900,101342500481,98200882966,-0.031000,down,0.069000,0.135000
MSFT,2026-06-15,2026-04-08,12.959000,11.761000,-0.052300,69307807692,68628591177,-0.009800,down,0.196000,0.586000
NVDA,2026-06-15,2026-04-15,2.920000,3.020000,0.027200,47999531250,48714724266,0.014900,flat,0.560000,0.467000
META,2026-06-15,2026-04-08,21.994000,22.036000,-0.000200,46533095673,46802987628,0.005800,flat,0.412000,0.532000
GOOGL,2026-06-15,2026-05-27,8.433000,7.673000,-0.045700,94653798077,94880967192,0.002400,down,0.238000,0.600000
AMZN,2026-06-15,2026-04-15,5.161000,4.970000,-0.033000,169649414423,166290356017,-0.019800,down,0.261000,0.363000
TSLA,2026-06-15,2026-05-27,2.086000,1.925000,-0.056300,24550319038,24164879030,-0.015700,down,0.277000,0.279000
JPM,2026-06-15,2026-03-18,20.199000,19.712000,-0.001900,47252529231,47020991838,-0.004900,flat,0.537000,0.453000
V,2026-06-15,2026-06-10,9.805000,9.669000,-0.006300,9446711538,9490166412,0.004600,flat,0.662000,0.372000
NFLX,2026-06-15,2026-04-15,19.008000,20.484000,0.033000,10681987500,10936218803,0.023800,flat,0.693000,0.572000
AAPL,2026-06-22,2026-04-15,6.825000,6.842000,-0.018300,101398706731,101642063627,0.002400,flat,0.378000,0.298000
MSFT,2026-06-22,2026-04-08,12.476000,12.673000,0.021200,69376192308,70951031873,0.022700,flat,0.519000,0.606000
NVDA,2026-06-22,2026-04-15,2.919000,3.072000,0.044800,48608740385,49653828303,0.021500,flat,0.702000,0.664000
META,2026-06-22,2026-04-08,21.438000,22.397000,0.016200,46812112981,46269092470,-0.011600,flat,0.605000,0.478000
GOOGL,2026-06-22,2026-05-27,8.048000,8.676000,0.079100,95097355769,101193096274,0.064100,up,0.775000,0.894000
AMZN,2026-06-22,2026-04-15,4.897000,4.842000,-0.057900,170073009615,161450308028,-0.050700,down,0.450000,0.350000
TSLA,2026-06-22,2026-05-27,2.090000,2.124000,0.041300,24563095192,25270512334,0.028800,flat,0.637000,0.427000
JPM,2026-06-22,2026-06-17,19.521000,21.154000,0.071100,47507146154,48243506919,0.015500,up,0.755000,0.560000
V,2026-06-22,2026-06-10,9.398000,9.452000,-0.028600,9498461538,9349335692,-0.015700,down,0.451000,0.400000
NFLX,2026-06-22,2026-04-15,19.733000,19.142000,-0.034700,10719187500,10520882531,-0.018500,down,0.367000,0.399000
AAPL,2026-06-29,2026-04-15,7.004000,6.872000,-0.014100,101438746635,102077810738,0.006300,flat,0.347000,0.518000
MSFT,2026-06-29,2026-04-08,12.416000,13.635000,0.098700,69920338462,73786933178,0.055300,up,0.930000,0.750000
NVDA,2026-06-29,2026-04-15,2.977000,2.982000,0.014300,48703917548,48718528723,0.000300,flat,0.576000,0.513000
META,2026-06-29,2026-04-08,22.349000,19.316000,-0.123600,46785935337,44404531228,-0.050900,down,0,0.043000
GOOGL,2026-06-29,2026-05-27,8.257000,8.587000,0.068000,95204543269,98355813651,0.033100,up,0.712000,0.780000
AMZN,2026-06-29,2026-04-15,5.122000,4.781000,-0.069800,170140183654,160748445516,-0.055200,down,0.273000,0.233000
TSLA,2026-06-29,2026-05-27,2.057000,1.951000,-0.043600,24566242260,24094570408,-0.019200,down,0.483000,0.226000
JPM,2026-06-29,2026-06-17,19.523000,20.518000,0.038900,47459843077,48812448605,0.028500,flat,0.608000,0.637000
V,2026-06-29,2026-06-10,9.552000,10.865000,0.116600,9505419231,10021563495,0.054300,up,1,0.943000
NFLX,2026-06-29,2026-04-15,19.482000,19.997000,0.008400,10728243750,10885948933,0.014700,flat,0.467000,0.829000
AAPL,2026-07-06,2026-04-15,7.113000,6.887000,-0.011900,101780307692,101474966769,-0.003000,flat,0.389000,0.376000
MSFT,2026-07-06,2026-04-08,11.895000,12.403000,-0.000600,70014123077,71162354695,0.016400,flat,0.629000,0.501000
NVDA,2026-07-06,2026-04-15,2.888000,2.859000,-0.027700,49250700000,49142348460,-0.002200,down,0.491000,0.516000
META,2026-07-06,2026-04-08,22.759000,23.069000,0.046700,47014100000,47578269200,0.012000,up,0.671000,0.727000
GOOGL,2026-07-06,2026-05-27,7.921000,7.935000,-0.013000,95243076923,94824007385,-0.004400,flat,0.548000,0.309000
AMZN,2026-07-06,2026-04-15,5.086000,5.719000,0.112600,171219569231,179061425502,0.045800,up,0.991000,0.667000
TSLA,2026-07-06,2026-05-27,2.055000,2.174000,0.065700,24570798462,25121184347,0.022400,up,0.712000,0.698000
JPM,2026-07-06,2026-06-17,20.565000,21.069000,0.066800,47640516923,48526630538,0.018600,up,0.798000,0.598000
V,2026-07-06,2026-06-10,9.573000,10.046000,0.032500,9497353846,9605623680,0.011400,flat,0.516000,0.662000
NFLX,2026-07-06,2026-04-15,19.277000,19.326000,-0.025400,10783200000,10542734640,-0.022300,down,0.427000,0.437000
AAPL,2026-07-13,2026-04-15,7.219000,7.590000,0.088900,101645713462,104318995726,0.026300,up,0.855000,0.550000
MSFT,2026-07-13,2026-07-08,12.178000,12.687000,0.022300,70024258654,70458409058,0.006200,flat,0.583000,0.554000
NVDA,2026-07-13,2026-04-15,2.835000,2.851000,-0.030300,49904831250,49066430085,-0.016800,down,0.357000,0.366000
META,2026-07-13,2026-07-08,22.251000,20.050000,-0.090300,47393873558,45431767192,-0.041400,down,0.114000,0.116000
GOOGL,2026-07-13,2026-05-27,7.945000,8.622000,0.072400,95807115385,101076506731,0.055000,up,0.847000,0.619000
AMZN,2026-07-13,2026-04-15,5.260000,5.541000,0.078000,171616172115,180986415113,0.054600,up,0.828000,0.709000
TSLA,2026-07-13,2026-05-27,2.051000,2.092000,0.025500,24576904712,24795639163,0.008900,flat,0.588000,0.645000
JPM,2026-07-13,2026-06-17,19.511000,19.568000,-0.009200,47854490769,47873632566,0.000400,flat,0.480000,0.537000
V,2026-07-13,2026-06-10,9.430000,10.151000,0.043300,9520892308,9796998185,0.029000,flat,0.661000,0.755000
NFLX,2026-07-13,2026-04-15,19.565000,19.654000,-0.008900,10796925000,10764534225,-0.003000,flat,0.416000,0.330000
AAPL,2026-07-20,2026-07-15,6.912000,7.359000,0.055800,101891592308,104887205122,0.029400,up,0.813000,0.504000
MSFT,2026-07-20,2026-07-08,12.414000,12.586000,0.014200,70466926923,70565580621,0.001400,flat,0.569000,0.394000
NVDA,2026-07-20,2026-07-15,2.981000,2.908000,-0.011000,50624714423,49323659262,-0.025700,flat,0.389000,0.461000
META,2026-07-20,2026-07-08,22.643000,22.798000,0.034400,47167053365,48030210442,0.018300,flat,0.672000,0.731000
GOOGL,2026-07-20,2026-05-27,7.969000,7.844000,-0.024400,95646923077,94499160000,-0.012000,down,0.277000,0.267000
AMZN,2026-07-20,2026-07-15,5.124000,4.938000,-0.039300,172087617308,172810385300,0.004200,down,0.361000,0.437000
TSLA,2026-07-20,2026-05-27,2.048000,2.141000,0.049600,24579910865,25017433279,0.017800,up,0.830000,0.759000
JPM,2026-07-20,2026-06-17,19.802000,20.769000,0.051600,47822727692,48936997248,0.023300,up,0.807000,0.506000
V,2026-07-20,2026-06-10,9.605000,9.022000,-0.072800,9553153846,9288531485,-0.027700,down,0.219000,0.165000
NFLX,2026-07-20,2026-07-15,19.861000,19.655000,-0.008800,10802512500,10844642299,0.003900,flat,0.442000,0.476000
AAPL,2026-07-27,2026-07-15,6.937000,6.871000,-0.014200,101875237981,101793737790,-0.000800,flat,0.578000,0.363000
MSFT,2026-07-27,2026-07-08,12.559000,12.728000,0.025600,70278625000,69885064700,-0.005600,flat,0.616000,0.490000
NVDA,2026-07-27,2026-07-15,2.863000,3.073000,0.045100,50717131010,53105907880,0.047100,up,0.754000,0.565000
META,2026-07-27,2026-07-08,21.993000,22.913000,0.039600,47508074519,48738533649,0.025900,flat,0.666000,0.726000
GOOGL,2026-07-27,2026-05-27,7.815000,7.458000,-0.072400,95692187500,91893207656,-0.039700,down,0.048000,0.309000
AMZN,2026-07-27,2026-07-15,5.150000,5.067000,-0.014200,172264600962,170834804774,-0.008300,flat,0.373000,0.606000
TSLA,2026-07-27,2026-05-27,2.051000,2.010000,-0.014800,24582823077,24737694862,0.006300,flat,0.499000,0.422000
JPM,2026-07-27,2026-06-17,19.843000,20.289000,0.027300,47899488462,48670670226,0.016100,flat,0.575000,0.460000
V,2026-07-27,2026-06-10,9.787000,10.152000,0.043400,9579721154,9807718517,0.023800,flat,0.710000,0.700000
NFLX,2026-07-27,2026-07-15,18.783000,19.646000,-0.009300,10843968750,10944817659,0.009300,flat,0.533000,0.656000
AAPL,2026-08-03,2026-07-15,6.913000,7.001000,0.004400,102033705769,102941805751,0.008900,flat,0.567000,0.399000
MSFT,2026-08-03,2026-07-08,12.627000,11.914000,-0.040000,70476696154,68623159045,-0.026300,down,0.397000,0.574000
NVDA,2026-08-03,2026-07-15,3.004000,2.997000,0.019500,50888475000,51341382427,0.008900,flat,0.594000,0.536000
META,2026-08-03,2026-07-08,21.834000,23.166000,0.051100,47855580769,49032828056,0.024600,up,0.656000,0.496000
GOOGL,2026-08-03,2026-05-27,8.248000,7.965000,-0.009300,96047403846,97632186010,0.016500,flat,0.535000,0.429000
AMZN,2026-08-03,2026-07-15,5.117000,5.183000,0.008400,172463669231,173222509375,0.004400,flat,0.576000,0.689000
TSLA,2026-08-03,2026-05-27,2.093000,1.968000,-0.035200,24585641346,23781690874,-0.032700,down,0.268000,0.382000
JPM,2026-08-03,2026-06-17,19.653000,22.278000,0.128000,48140870769,50774176400,0.054700,up,1,1
V,2026-08-03,2026-06-10,9.757000,10.237000,0.052100,9558900000,9890593830,0.034700,up,0.707000,0.828000
NFLX,2026-08-03,2026-07-15,20.116000,20.308000,0.024100,10947450000,11099619555,0.013900,flat,0.525000,0.439000
AAPL,2026-08-10,2026-07-15,7.039000,7.702000,0.105000,102263982212,107070389375,0.047000,up,0.892000,0.756000
MSFT,2026-08-10,2026-07-08,12.316000,13.151000,0.059700,70783450000,74329700845,0.050100,up,0.903000,0.667000
NVDA,2026-08-10,2026-07-15,2.908000,3.123000,0.062100,52331315625,54152445409,0.034800,up,0.708000,0.535000
META,2026-08-10,2026-07-08,21.739000,21.033000,-0.045700,48156663221,46991271971,-0.024200,down,0.221000,0.316000
GOOGL,2026-08-10,2026-05-27,8.178000,9.454000,0.175900,96409350962,104237790260,0.081200,up,1,1
AMZN,2026-08-10,2026-07-15,5.149000,5.054000,-0.016700,173118846154,176009930885,0.016700,flat,0.482000,0.404000
TSLA,2026-08-10,2026-05-27,2.085000,1.755000,-0.139600,24595317404,23616423771,-0.039800,down,0,0.221000
JPM,2026-08-10,2026-06-17,19.701000,20.414000,0.033600,48210032308,49637049264,0.029600,flat,0.666000,0.507000
V,2026-08-10,2026-06-10,9.583000,9.767000,0.003800,9609646154,9681718500,0.007500,flat,0.443000,0.501000
NFLX,2026-08-10,2026-07-15,19.782000,20.484000,0.033000,10887056250,10889233661,0.000200,flat,0.623000,0.663000
AAPL,2026-08-17,2026-07-15,7.056000,6.964000,-0.000900,102450271154,102931787428,0.004700,flat,0.569000,0.462000
MSFT,2026-08-17,2026-07-08,12.520000,11.989000,-0.033900,71026703846,70941471802,-0.001200,down,0.433000,0.609000
NVDA,2026-08-17,2026-07-15,2.963000,2.860000,-0.027200,52813851923,53109609494,0.005600,down,0.364000,0.341000
META,2026-08-17,2026-07-08,21.356000,22.150000,0.005000,48046179327,47940477732,-0.002200,flat,0.588000,0.540000
GOOGL,2026-08-17,2026-05-27,8.201000,7.696000,-0.042800,96285673077,96083473163,-0.002100,down,0.303000,0.263000
AMZN,2026-08-17,2026-07-15,5.086000,5.220000,0.015500,172624396154,175714372845,0.017900,flat,0.687000,0.577000
TSLA,2026-08-17,2026-05-27,2.046000,2.122000,0.040000,24594565865,24978241093,0.015600,flat,0.723000,0.677000
JPM,2026-08-17,2026-06-17,19.544000,18.646000,-0.055900,48313006154,47704262276,-0.012600,down,0.313000,0.386000
V,2026-08-17,2026-06-10,9.461000,10.057000,0.033600,9643880769,9643880769,0,flat,0.591000,0.543000
NFLX,2026-08-17,2026-07-15,19.502000,19.705000,-0.006300,10969087500,10858299716,-0.010100,flat,0.425000,0.381000
AAPL,2026-08-24,2026-07-15,7.017000,7.342000,0.053300,102661937500,105382478844,0.026500,up,0.669000,0.790000
MSFT,2026-08-24,2026-07-08,12.697000,13.045000,0.051200,71534337500,73766208830,0.031200,up,0.837000,0.710000
NVDA,2026-08-24,2026-07-15,2.966000,3.075000,0.045800,52324790625,54402084813,0.039700,up,0.586000,0.642000
META,2026-08-24,2026-07-08,21.326000,23.400000,0.061700,48438053125,50520889409,0.043000,up,0.770000,0.576000
GOOGL,2026-08-24,2026-05-27,8.142000,8.033000,-0.000900,96785937500,96379436563,-0.004200,flat,0.492000,0.530000
AMZN,2026-08-24,2026-07-15,5.200000,5.530000,0.075800,173436312500,179315803494,0.033900,up,1,0.765000
TSLA,2026-08-24,2026-05-27,2.061000,2.039000,-0.000400,24604523750,24621746917,0.000700,flat,0.573000,0.529000
JPM,2026-08-24,2026-06-17,19.973000,21.024000,0.064500,48502560000,49288301472,0.016200,up,0.775000,0.685000
V,2026-08-24,2026-06-10,10.059000,9.571000,-0.016300,9639900000,9523257210,-0.012100,flat,0.467000,0.345000
NFLX,2026-08-24,2026-07-15,19.548000,20.098000,0.013500,10924387500,11039093569,0.010500,flat,0.696000,0.516000
