ticker,snapshot_date,news_sentiment_7d,news_sentiment_30d,positive_news_count,negative_news_count,analyst_upgrades_30d,analyst_downgrades_30d,analyst_rating,target_price_consensus,target_upside,number_of_analysts
AAPL,2025-11-28,-0.556000,-0.255000,13,18,0,1,3.950000,277.660000,0.091600,30
MSFT,2025-11-28,0.157000,0.395000,11,6,2,0,4.280000,533.630000,0.061400,52
NVDA,2025-11-28,-0.155000,-0.298000,11,0,1,5,3.570000,97.270000,0.102700,26
META,2025-11-28,0.161000,-0.361000,15,2,2,4,3.710000,867.740000,0.076300,28
GOOGL,2025-11-28,-0.251000,0.104000,21,8,6,2,4.440000,336.170000,0.240100,33
AMZN,2025-11-28,-1,-0.189000,17,14,0,4,3.750000,273.420000,0.123200,30
TSLA,2025-11-28,-0.388000,0.304000,9,15,2,3,3.330000,738.230000,0.101400,39
JPM,2025-11-28,0.267000,-0.370000,12,9,4,1,3.850000,328.040000,0.220800,47
V,2025-11-28,-0.462000,-0.373000,17,5,1,2,3.730000,389.770000,0.017900,44
NFLX,2025-11-28,0.409000,-0.212000,14,8,2,1,3.650000,1735.650000,0.011100,24
AAPL,2025-12-05,0.372000,0.370000,15,10,4,1,4.480000,270.090000,0.080900,47
MSFT,2025-12-05,-0.517000,0.123000,15,3,1,4,3.900000,643.330000,0.200400,43
NVDA,2025-12-05,-0.463000,-0.450000,14,8,0,3,4.410000,109.080000,0.126300,28
META,2025-12-05,-0.007000,-0.198000,21,8,4,1,4.720000,949.930000,0.074700,27
GOOGL,2025-12-05,0.266000,-0.331000,3,8,1,3,3.350000,302.470000,0.034600,58
AMZN,2025-12-05,0.013000,0.053000,14,10,1,2,3.490000,267.860000,0.003200,32
TSLA,2025-12-05,-0.305000,-0.418000,3,11,0,4,3.650000,836.290000,0.152700,48
JPM,2025-12-05,0.007000,0.327000,12,13,2,2,3.910000,301.370000,0.110000,32
V,2025-12-05,0.178000,0.341000,23,7,5,1,4.150000,472.330000,0.183100,33
NFLX,2025-12-05,0.167000,-0.086000,25,5,4,0,4.980000,2059.400000,0.197300,42
AAPL,2025-12-12,0.712000,-0.172000,23,0,5,0,4.480000,288.310000,0.206100,32
MSFT,2025-12-12,-0.497000,-0.053000,17,10,1,3,3.180000,602.220000,0.153400,52
NVDA,2025-12-12,0.314000,-0.159000,14,2,3,3,4.340000,115.200000,0.286300,39
META,2025-12-12,0.382000,0.339000,17,9,6,0,4.730000,978.900000,0.130300,32
GOOGL,2025-12-12,-0.561000,-0.069000,12,8,1,3,3.870000,317.750000,0.121200,45
AMZN,2025-12-12,0.137000,0.213000,9,14,1,2,4.340000,286.680000,0.109200,55
TSLA,2025-12-12,0.207000,0.017000,13,8,1,1,3.820000,869.340000,0.276000,30
JPM,2025-12-12,-0.522000,-0.490000,0,11,0,5,4.060000,308.800000,0.166000,50
V,2025-12-12,0.399000,-0.657000,24,10,2,3,3.620000,473.190000,0.171200,31
NFLX,2025-12-12,0.123000,0.040000,14,8,3,1,4.420000,1994.690000,0.189300,31
AAPL,2025-12-19,0.574000,0.057000,17,15,2,2,3.910000,292.800000,0.186600,53
MSFT,2025-12-19,0.068000,0.365000,33,10,6,0,4.130000,642.570000,0.243800,28
NVDA,2025-12-19,0.372000,-0.400000,18,13,4,1,4.360000,104.820000,0.155000,49
META,2025-12-19,-0.250000,0.161000,11,10,1,4,4.020000,959.170000,0.108000,54
GOOGL,2025-12-19,-0.068000,-0.094000,21,10,4,4,4.110000,384.890000,0.316600,51
AMZN,2025-12-19,-0.057000,-0.164000,21,6,1,2,3.630000,293.390000,0.163500,38
TSLA,2025-12-19,0.027000,0.110000,22,0,3,0,4.430000,856.500000,0.189800,47
JPM,2025-12-19,0.231000,0.193000,10,9,0,3,3.440000,300.240000,0.085800,58
V,2025-12-19,-0.003000,-0.083000,12,5,2,1,3.890000,477.110000,0.138600,26
NFLX,2025-12-19,0.144000,-0.145000,11,12,1,3,3.770000,2120.750000,0.202900,41
AAPL,2025-12-26,-0.036000,-0.308000,27,10,6,0,4.340000,269.530000,0.076000,36
MSFT,2025-12-26,-0.134000,-0.172000,16,11,3,2,3.350000,638.710000,0.198800,56
NVDA,2025-12-26,0.019000,-0.105000,19,10,3,2,4.130000,101.500000,0.039500,51
META,2025-12-26,0.356000,-0.047000,21,8,6,0,4.130000,752.820000,-0.099200,48
GOOGL,2025-12-26,-0.069000,0.156000,7,4,0,1,4.320000,332.770000,0.174200,52
AMZN,2025-12-26,-0.010000,-0.102000,11,9,0,4,3.530000,293.370000,0.154200,29
TSLA,2025-12-26,0.069000,-0.010000,7,12,0,3,4.260000,917.290000,0.260600,27
JPM,2025-12-26,0.020000,-0.277000,17,9,3,4,4.070000,322.310000,0.198000,32
V,2025-12-26,-0.482000,-0.298000,10,8,2,3,3.760000,455.730000,0.116300,56
NFLX,2025-12-26,-0.047000,-0.136000,16,6,2,3,4.350000,2008.950000,0.066800,49
AAPL,2026-01-02,-0.129000,-0.231000,17,18,1,2,4.310000,270.830000,0.116200,42
MSFT,2026-01-02,0.775000,0.551000,27,0,5,0,4.560000,653.050000,0.174300,26
NVDA,2026-01-02,-0.180000,0.596000,21,12,4,2,4.200000,117.260000,0.144600,50
META,2026-01-02,0.270000,0.249000,20,6,4,1,4.080000,1007.290000,0.207000,40
GOOGL,2026-01-02,-0.436000,0.194000,9,8,0,4,3.990000,323.240000,0.179400,46
AMZN,2026-01-02,0.330000,-0.042000,19,8,1,3,4.130000,297.560000,0.134500,42
TSLA,2026-01-02,-0.002000,0.162000,16,1,5,1,4.920000,787.590000,0.112900,32
JPM,2026-01-02,-0.086000,-0.213000,8,10,0,4,3.570000,363.080000,0.349100,34
V,2026-01-02,0.559000,0.283000,24,2,4,2,4.480000,525.580000,0.296200,39
NFLX,2026-01-02,0.278000,-0.169000,9,8,3,4,3.120000,2299.990000,0.212100,37
AAPL,2026-01-09,0.105000,-0.434000,8,7,2,4,3.550000,250.160000,0.117600,33
MSFT,2026-01-09,0.397000,0.443000,22,3,2,1,4.310000,623.330000,0.223200,42
NVDA,2026-01-09,-0.315000,-0.521000,2,16,0,3,3.610000,102.220000,0.145700,33
META,2026-01-09,-0.072000,0.116000,18,0,2,3,4.740000,917.180000,0.157600,28
GOOGL,2026-01-09,0.275000,0.474000,23,0,1,1,3.650000,268.950000,0.066800,28
AMZN,2026-01-09,0.356000,-0.097000,18,3,4,2,3.880000,263.190000,0.077900,51
TSLA,2026-01-09,0.316000,0.421000,12,6,1,1,4.680000,705.140000,0.160600,32
JPM,2026-01-09,0.057000,0.191000,18,3,4,0,4.010000,280.990000,0.096700,39
V,2026-01-09,0.034000,0.069000,29,0,5,0,4.720000,416.160000,0.042500,35
NFLX,2026-01-09,0.368000,0.511000,17,6,6,1,3.780000,2208.320000,0.193500,43
AAPL,2026-01-16,-0.133000,-0.413000,12,5,2,5,3.880000,262,0.184200,37
MSFT,2026-01-16,0.476000,0.113000,15,5,5,1,4.990000,541.170000,0.105900,49
NVDA,2026-01-16,-0.206000,-0.093000,20,4,1,2,4.020000,87.950000,0.060300,46
META,2026-01-16,0.227000,0.372000,14,4,2,1,3.660000,904.130000,0.171000,57
GOOGL,2026-01-16,-0.461000,-0.440000,7,13,0,4,3.410000,225.780000,-0.095500,33
AMZN,2026-01-16,0.680000,0.470000,16,6,4,1,4.480000,258.390000,0.098800,38
TSLA,2026-01-16,0.527000,0.298000,13,7,5,5,4.710000,592.930000,0.035000,48
JPM,2026-01-16,0.451000,-0.379000,17,8,4,1,3.610000,275.360000,0.093200,43
V,2026-01-16,0.304000,0.163000,10,7,1,2,4.450000,452.750000,0.156900,56
NFLX,2026-01-16,0.064000,0.339000,18,12,3,1,4.680000,1646.500000,-0.023900,57
AAPL,2026-01-23,0.008000,-0.246000,16,6,4,0,3.640000,247.070000,0.105900,55
MSFT,2026-01-23,-0.095000,-0.014000,13,9,1,5,3.870000,533.610000,0.092500,32
NVDA,2026-01-23,0.576000,0.217000,17,10,1,3,4.180000,89.960000,0.177800,27
META,2026-01-23,-0.116000,-0.097000,9,16,0,0,4.010000,788.770000,0.025400,56
GOOGL,2026-01-23,0.152000,-0.035000,9,0,3,1,4.160000,316.400000,0.248600,54
AMZN,2026-01-23,0.116000,0.395000,10,0,2,4,3.990000,299.810000,0.261900,34
TSLA,2026-01-23,0.568000,0.319000,12,4,2,1,3.260000,667.090000,0.070400,31
JPM,2026-01-23,0.299000,0.801000,22,0,6,1,5,306.180000,0.230300,28
V,2026-01-23,0.529000,0.259000,15,0,2,1,4.080000,407.770000,0.066200,50
NFLX,2026-01-23,0.287000,0.372000,24,7,0,4,4.140000,1595.990000,0.044400,41
AAPL,2026-01-30,-0.191000,0.044000,12,5,0,2,3.380000,278.950000,0.255600,52
MSFT,2026-01-30,0.377000,0.036000,21,8,2,1,3.970000,523.350000,0.090600,46
NVDA,2026-01-30,0.665000,0.243000,26,9,4,0,4.310000,105.310000,0.360200,47
META,2026-01-30,0.049000,0.364000,16,7,1,1,3.790000,942.510000,0.220900,26
GOOGL,2026-01-30,-0.257000,0.469000,9,6,0,3,3.780000,285.160000,0.185200,40
AMZN,2026-01-30,0.139000,-0.343000,17,8,4,2,3.810000,225.180000,0.022300,29
TSLA,2026-01-30,-0.178000,-0.058000,16,18,2,1,3.850000,882.440000,0.309000,46
JPM,2026-01-30,-0.031000,0.065000,14,3,5,2,4.360000,255.390000,0.049400,33
V,2026-01-30,0.310000,-0.075000,20,5,5,1,3.520000,500.090000,0.265300,29
NFLX,2026-01-30,-0.353000,0.527000,4,8,3,1,3.370000,1555.650000,-0.010500,38
AAPL,2026-02-06,-0.254000,0.029000,8,9,0,2,3.850000,275.310000,0.242100,54
MSFT,2026-02-06,-0.343000,-0.584000,10,11,0,4,3.170000,578.040000,0.222000,28
NVDA,2026-02-06,-0.073000,-0.042000,13,12,3,0,4.640000,89.410000,0.121300,25
META,2026-02-06,0.881000,-0.207000,12,8,4,1,4.200000,824.240000,0.187700,25
GOOGL,2026-02-06,0.171000,-0.136000,26,2,4,0,4.920000,259.270000,0.047200,47
AMZN,2026-02-06,0.341000,0.191000,23,4,4,3,4.710000,239.200000,0.027600,51
TSLA,2026-02-06,-0.136000,0.335000,16,6,1,2,4.060000,855.640000,0.145000,47
JPM,2026-02-06,-0.068000,-0.390000,11,8,4,2,4.040000,308.270000,0.232100,46
V,2026-02-06,0.241000,-0.077000,15,2,5,1,4.240000,423.830000,0.077800,35
NFLX,2026-02-06,-0.029000,-0.066000,13,8,1,1,3.560000,1666.900000,0.062500,40
AAPL,2026-02-13,-0.320000,-0.325000,3,6,0,0,3.610000,249.160000,0.141300,55
MSFT,2026-02-13,0.528000,-0.059000,13,10,6,0,3.940000,483.270000,0.009000,29
NVDA,2026-02-13,0.138000,-0.316000,28,13,4,0,4.330000,100,0.262100,48
META,2026-02-13,0.513000,0.119000,11,11,0,1,3.480000,882.580000,0.266600,55
GOOGL,2026-02-13,0.298000,0.396000,18,14,3,2,4.130000,281.270000,0.146700,34
AMZN,2026-02-13,-0.039000,0.375000,8,12,2,2,3.360000,278.510000,0.198500,58
TSLA,2026-02-13,-0.187000,0.139000,23,10,1,1,3.790000,965.550000,0.140200,28
JPM,2026-02-13,0.268000,0.353000,16,10,1,2,3.970000,276.410000,0.122900,35
V,2026-02-13,-0.452000,-0.515000,16,0,0,3,3.230000,450.850000,0.149700,52
NFLX,2026-02-13,0.170000,0.127000,20,11,1,1,3.630000,1730.310000,0.102400,26
AAPL,2026-02-20,0.376000,0.453000,18,9,3,2,4.220000,239.210000,0.039600,25
MSFT,2026-02-20,0.244000,-0.122000,17,14,0,2,3.400000,486.750000,0.027400,57
NVDA,2026-02-20,-0.029000,-0.538000,8,8,1,3,3.970000,93.880000,0.112400,36
META,2026-02-20,-0.240000,-0.271000,18,11,3,2,3.950000,801.310000,0.145100,46
GOOGL,2026-02-20,-0.261000,0.268000,8,11,4,1,3.450000,265.510000,0.052200,39
AMZN,2026-02-20,0.127000,0.009000,22,13,2,5,3.690000,239.540000,-0.015900,47
TSLA,2026-02-20,-0.134000,0.254000,17,7,7,2,3.410000,973.730000,0.128100,53
JPM,2026-02-20,0.505000,0.158000,13,4,6,3,4.620000,308.190000,0.218500,58
V,2026-02-20,0.985000,0.137000,17,8,1,2,3.900000,411.740000,0.033800,39
NFLX,2026-02-20,0.271000,0.657000,20,2,6,0,4.620000,1936.470000,0.254000,54
AAPL,2026-02-27,-0.015000,0.113000,11,4,5,0,4.280000,247.210000,0.049800,42
MSFT,2026-02-27,0.178000,-0.264000,13,11,2,4,3.840000,557.410000,0.207700,31
NVDA,2026-02-27,-0.694000,-0.072000,6,10,0,4,3.260000,91.140000,0.143700,30
META,2026-02-27,-0.016000,0.031000,12,10,3,0,4.190000,756.610000,0.086000,34
GOOGL,2026-02-27,0.152000,-0.219000,13,2,3,2,3.620000,289.190000,0.137000,28
AMZN,2026-02-27,0.254000,-0.012000,15,4,2,3,4.090000,286.310000,0.170600,40
TSLA,2026-02-27,-0.032000,0.236000,12,5,3,1,3.760000,1025.600000,0.133200,43
JPM,2026-02-27,0.317000,0.396000,16,7,1,1,4.480000,275.320000,0.074100,38
V,2026-02-27,0.203000,0.110000,13,15,0,3,3.150000,484.440000,0.203800,36
NFLX,2026-02-27,0.190000,0.204000,26,12,2,4,4.140000,1643.660000,0.107100,57
AAPL,2026-03-06,0.063000,0.302000,13,7,2,0,4.450000,242.660000,0.023200,57
MSFT,2026-03-06,-0.071000,-0.319000,20,9,0,3,4.260000,564.670000,0.210700,35
NVDA,2026-03-06,-0.434000,-0.321000,9,9,1,3,4.210000,109.200000,0.179600,40
META,2026-03-06,0.081000,0.264000,15,10,2,4,3.650000,749.190000,0.096900,40
GOOGL,2026-03-06,-0.047000,-0.266000,17,7,3,2,3.870000,307.820000,0.203700,46
AMZN,2026-03-06,0.271000,0.108000,18,4,3,2,3.800000,281.630000,0.151100,56
TSLA,2026-03-06,0.272000,-0.061000,12,9,0,2,4.490000,1065.310000,0.162900,38
JPM,2026-03-06,-0.242000,-0.277000,11,11,1,3,3.290000,276.590000,0.133300,41
V,2026-03-06,0.931000,0.516000,18,8,6,0,4.710000,465.130000,0.179200,41
NFLX,2026-03-06,0.310000,0.319000,16,3,3,0,4.810000,1345.260000,-0.025400,31
AAPL,2026-03-13,0.725000,0.255000,17,5,4,2,4.530000,289.730000,0.183200,47
MSFT,2026-03-13,0.216000,0.099000,17,2,2,0,4.020000,454.470000,-0.011300,28
NVDA,2026-03-13,0.168000,0.377000,23,3,5,1,4.190000,87.780000,0.013100,47
META,2026-03-13,-0.186000,-0.312000,15,15,1,4,3.220000,785.010000,0.088400,55
GOOGL,2026-03-13,-0.222000,-0.421000,14,9,0,1,4.400000,331.790000,0.297300,57
AMZN,2026-03-13,0.504000,-0.345000,7,8,3,2,3.980000,297.860000,0.221100,41
TSLA,2026-03-13,-0.071000,0.306000,22,7,5,1,4.420000,872.120000,-0.077600,56
JPM,2026-03-13,0.457000,0.129000,23,2,4,1,4.150000,242.970000,-0.003900,58
V,2026-03-13,0.075000,-0.277000,11,13,0,1,4.520000,561.670000,0.429600,39
NFLX,2026-03-13,0.602000,0.050000,15,4,3,2,4.270000,1678.370000,0.215000,26
AAPL,2026-03-20,-0.291000,-0.151000,10,11,3,2,4.030000,320.100000,0.273000,25
MSFT,2026-03-20,-0.285000,-0.335000,18,11,1,5,3.190000,516.830000,0.132000,58
NVDA,2026-03-20,-0.319000,0.169000,11,8,2,3,3.880000,109.090000,0.179600,34
META,2026-03-20,0.035000,-0.296000,13,10,0,3,4.120000,748.320000,0.033400,58
GOOGL,2026-03-20,-0.060000,-0.046000,16,8,3,4,2.980000,281.450000,0.084500,38
AMZN,2026-03-20,0.429000,0.655000,13,1,3,3,4.100000,234.680000,-0.016000,39
TSLA,2026-03-20,0.478000,0.622000,25,3,4,0,4.490000,1020.900000,0.129800,46
JPM,2026-03-20,-0.057000,0.278000,15,11,1,3,3.560000,276.120000,0.137100,41
V,2026-03-20,0.517000,0.333000,27,10,4,0,4.370000,473.100000,0.187200,55
NFLX,2026-03-20,-0.227000,-0.361000,14,9,1,3,4.060000,1474.840000,0.152700,57
AAPL,2026-03-27,0.851000,-0.155000,14,10,3,2,4.440000,303.590000,0.273400,49
MSFT,2026-03-27,0.386000,-0.062000,21,6,3,0,4.690000,462.680000,-0.010000,52
NVDA,2026-03-27,0.570000,0.451000,17,3,5,0,3.960000,112.310000,0.200200,40
META,2026-03-27,-0.102000,0,13,14,3,2,3.970000,786.190000,0.104700,35
GOOGL,2026-03-27,0.175000,0.263000,23,4,3,2,4.540000,287.460000,0.109600,46
AMZN,2026-03-27,0.342000,0.315000,28,13,4,0,3.770000,249.220000,0.064700,31
TSLA,2026-03-27,0.485000,0.483000,15,12,3,2,4.020000,898.350000,0.032300,36
JPM,2026-03-27,-0.065000,-0.215000,19,12,3,3,4.200000,261.330000,0.065500,48
V,2026-03-27,-0.268000,-0.075000,14,6,0,3,3.600000,374.400000,-0.054600,48
NFLX,2026-03-27,0.434000,-0.068000,13,6,1,3,4.240000,1464.780000,0.111600,46
AAPL,2026-04-02,0.016000,0.063000,9,8,0,2,4.030000,240,0.009800,49
MSFT,2026-04-02,0.183000,0.282000,26,11,2,2,4.710000,433.560000,-0.054800,51
NVDA,2026-04-02,0.939000,0.031000,21,4,4,0,4.430000,120.120000,0.205200,25
META,2026-04-02,0.224000,-0.212000,6,9,2,5,3.440000,878.360000,0.227400,32
GOOGL,2026-04-02,0.611000,0.669000,23,2,7,0,4.380000,278.760000,0.073700,41
AMZN,2026-04-02,0.032000,0.058000,2,7,0,5,4,276.080000,0.215900,38
TSLA,2026-04-02,-0.099000,0.105000,10,3,2,1,4.200000,960.700000,0.114900,36
JPM,2026-04-02,0.101000,0.020000,16,9,3,4,3.810000,262.330000,0.099500,40
V,2026-04-02,0.128000,0.097000,15,4,1,1,3.990000,416.490000,0.050700,57
NFLX,2026-04-02,0.208000,0.440000,17,15,3,2,4.340000,1438.710000,0.083100,33
AAPL,2026-04-10,0.060000,-0.098000,19,14,0,2,3.850000,247.740000,0.054000,52
MSFT,2026-04-10,0.171000,0.036000,9,12,2,2,3.380000,477.210000,0.035400,55
NVDA,2026-04-10,-0.445000,0.115000,17,7,2,3,4.170000,117.310000,0.211500,55
META,2026-04-10,-0.338000,-0.278000,18,4,0,2,3.730000,801.200000,0.155600,38
GOOGL,2026-04-10,-0.485000,0.185000,7,4,1,2,3.680000,271.050000,0.071700,47
AMZN,2026-04-10,-0.181000,0.443000,18,13,2,2,3.970000,261.270000,0.170600,56
TSLA,2026-04-10,-0.450000,-0.204000,3,14,4,1,4.220000,942.550000,0.144900,42
JPM,2026-04-10,-0.516000,0.334000,12,6,2,4,3.260000,242.950000,0.086800,53
V,2026-04-10,-0.207000,0.287000,22,5,4,0,4.040000,439.770000,0.095600,49
NFLX,2026-04-10,-0.028000,0.201000,24,8,3,0,4.310000,1458.940000,0.154700,45
AAPL,2026-04-17,-0.025000,-0.398000,17,6,3,2,4.500000,274.080000,0.226800,30
MSFT,2026-04-17,0.335000,0.216000,15,10,4,0,4.310000,525.470000,0.206600,58
NVDA,2026-04-17,-0.409000,0.087000,15,2,1,1,4.210000,93.870000,0.042900,55
META,2026-04-17,0.004000,-0.044000,24,5,2,0,4.380000,747.160000,0.160600,28
GOOGL,2026-04-17,-0.074000,0.002000,5,9,2,4,4.350000,263.200000,0.073000,52
AMZN,2026-04-17,-0.222000,-0.273000,5,13,2,1,3.710000,237.530000,0.105400,33
TSLA,2026-04-17,0.577000,0.261000,11,6,1,1,4.330000,952.330000,0.154400,57
JPM,2026-04-17,-0.515000,-0.044000,14,18,0,4,2.890000,238.730000,0.111600,27
V,2026-04-17,0.164000,0.741000,12,9,2,3,3.820000,464.350000,0.170100,34
NFLX,2026-04-17,-0.460000,0.371000,12,12,1,1,3.580000,1401.030000,0.174100,48
AAPL,2026-04-24,-0.687000,0.009000,22,5,3,1,3.790000,263.260000,0.191200,39
MSFT,2026-04-24,0.096000,0.151000,10,12,1,2,4.020000,438.330000,-0.012300,25
NVDA,2026-04-24,0.476000,-0.188000,8,16,2,4,4.230000,82.730000,-0.046200,53
META,2026-04-24,0.343000,-0.032000,19,7,0,0,4.100000,666.440000,0.076300,51
GOOGL,2026-04-24,0.231000,-0.253000,19,20,1,3,3.720000,266.640000,0.052100,30
AMZN,2026-04-24,0.240000,0.376000,18,7,5,0,4.500000,240.640000,0.102700,34
TSLA,2026-04-24,0.385000,-0.316000,19,3,4,0,4.560000,1049.710000,0.143500,31
JPM,2026-04-24,0.460000,0.256000,16,8,4,2,4.100000,227.670000,0.054400,49
V,2026-04-24,-0.678000,-0.082000,18,5,2,0,3.460000,469.680000,0.160800,50
NFLX,2026-04-24,-0.355000,0.088000,2,11,0,4,3.140000,1383.890000,0.112100,50
AAPL,2026-05-01,0.399000,-0.201000,14,10,5,3,4.360000,257.290000,0.129800,39
MSFT,2026-05-01,-0.007000,-0.521000,3,14,1,2,4,422.070000,-0.063500,28
NVDA,2026-05-01,0.373000,0.384000,12,5,6,1,4.800000,105.370000,0.099900,34
META,2026-05-01,0.438000,0.187000,8,7,2,2,4.410000,670.670000,0.125200,38
GOOGL,2026-05-01,0.126000,0.077000,19,0,6,2,4.630000,290.900000,0.167300,37
AMZN,2026-05-01,0.070000,0.148000,16,5,3,1,4,251.870000,0.093700,45
TSLA,2026-05-01,0.240000,-0.071000,18,9,3,4,3.770000,1045.150000,0.084300,32
JPM,2026-05-01,-0.560000,-0.089000,18,8,2,1,4.040000,227.680000,0.027900,36
V,2026-05-01,-0.395000,-0.243000,11,12,0,2,4.170000,434.870000,0.077100,40
NFLX,2026-05-01,-0.194000,-0.170000,5,9,1,2,3.850000,1412.870000,0.099200,39
AAPL,2026-05-08,0.160000,-0.458000,12,13,1,2,3.820000,250.050000,0.087800,35
MSFT,2026-05-08,0.082000,-0.159000,19,13,3,2,3.980000,492.640000,0.100200,53
NVDA,2026-05-08,-0.220000,0.186000,15,9,2,3,3.990000,107.140000,0.169800,47
META,2026-05-08,0.283000,0.097000,22,0,2,2,4.330000,694.050000,0.160800,27
GOOGL,2026-05-08,-0.335000,-0.008000,14,5,4,4,4.190000,225.010000,-0.028200,48
AMZN,2026-05-08,0.128000,-0.004000,19,4,3,1,4.200000,268.180000,0.109200,44
TSLA,2026-05-08,-0.071000,-0.011000,16,5,4,1,3.600000,1105.320000,0.111800,38
JPM,2026-05-08,0.228000,-0.283000,14,10,1,4,4.220000,248.200000,0.146100,29
V,2026-05-08,-0.182000,0.129000,14,10,3,1,4.260000,468.420000,0.146300,44
NFLX,2026-05-08,0.633000,0.304000,29,3,5,0,4.440000,1683.530000,0.273200,34
AAPL,2026-05-15,-0.475000,-0.103000,15,9,3,1,4.740000,232.320000,0.047900,32
MSFT,2026-05-15,-0.097000,0.104000,18,13,3,2,3.960000,506.340000,0.167900,29
NVDA,2026-05-15,0.019000,0.336000,19,3,5,0,3.680000,105.060000,0.228400,30
META,2026-05-15,0.177000,0.514000,24,4,3,3,4.140000,598.500000,0.002800,52
GOOGL,2026-05-15,-0.160000,0.299000,17,6,3,2,4.220000,285.420000,0.266200,49
AMZN,2026-05-15,0.209000,0.331000,18,4,5,2,3.650000,259.150000,0.063700,57
TSLA,2026-05-15,0.023000,0.320000,16,6,2,3,3.890000,1054.210000,0.141200,25
JPM,2026-05-15,0.192000,-0.116000,27,8,2,2,4.920000,208.850000,0.002000,54
V,2026-05-15,0.317000,-0.018000,13,10,3,1,3.540000,470.790000,0.172300,51
NFLX,2026-05-15,0.423000,-0.162000,19,10,1,4,3.700000,1098.330000,-0.152500,42
AAPL,2026-05-22,-0.017000,-0.364000,11,8,0,1,3.230000,226.120000,0.023600,31
MSFT,2026-05-22,0.070000,-0.078000,21,0,1,2,3.450000,493.740000,0.120800,39
NVDA,2026-05-22,-0.152000,-0.085000,9,13,0,5,4.050000,94.310000,0.145900,55
META,2026-05-22,0.084000,0.059000,12,10,0,2,3.760000,717.600000,0.149000,44
GOOGL,2026-05-22,0.189000,-0.081000,22,11,1,0,3.870000,270.530000,0.212200,33
AMZN,2026-05-22,-0.028000,-0.113000,18,20,4,1,3.650000,249.070000,0.026600,55
TSLA,2026-05-22,0.163000,-0.057000,27,1,3,4,4.440000,1107.440000,0.159000,39
JPM,2026-05-22,0.086000,0.105000,21,5,4,0,4.390000,220.700000,0.041200,45
V,2026-05-22,0.327000,-0.046000,19,8,4,0,4.120000,430.770000,0.093200,37
NFLX,2026-05-22,0.278000,0.004000,18,12,4,2,4.830000,1704.650000,0.271400,53
AAPL,2026-05-29,-0.028000,0.318000,11,5,2,2,3.680000,216.430000,-0.006900,47
MSFT,2026-05-29,-0.248000,0.293000,25,7,4,2,4.050000,532.730000,0.194100,48
NVDA,2026-05-29,0.091000,-0.268000,19,10,4,2,4.250000,101.540000,0.241600,45
META,2026-05-29,-0.122000,0.402000,17,7,5,1,4.200000,709.190000,0.157000,25
GOOGL,2026-05-29,-0.234000,-0.062000,10,11,1,3,3.510000,261.840000,0.140800,25
AMZN,2026-05-29,-0.004000,0.171000,9,3,4,1,3.730000,291.540000,0.199600,50
TSLA,2026-05-29,-0.308000,0.137000,18,5,3,0,4.710000,1121.410000,0.123400,45
JPM,2026-05-29,0.747000,-0.059000,22,8,4,0,3.740000,267.290000,0.232200,34
V,2026-05-29,-0.115000,0.010000,18,12,2,1,3.480000,422.130000,0.088700,39
NFLX,2026-05-29,-0.082000,-0.133000,11,14,2,4,3.110000,1434.100000,0.073400,43
AAPL,2026-06-05,-0.110000,0.364000,15,2,1,0,4.220000,248.970000,0.105200,57
MSFT,2026-06-05,0.539000,-0.214000,17,4,3,1,3.970000,545.500000,0.175500,27
NVDA,2026-06-05,-0.007000,0.431000,15,17,3,0,4.640000,110.080000,0.195100,41
META,2026-06-05,0.289000,0.487000,23,12,1,0,4.020000,662.930000,0.131700,33
GOOGL,2026-06-05,-0.020000,-0.335000,12,13,4,3,4.120000,263.790000,0.125800,53
AMZN,2026-06-05,0.096000,0.032000,2,23,0,3,3.360000,280.180000,0.068100,38
TSLA,2026-06-05,0.619000,0.095000,12,10,3,2,3.270000,954.130000,-0.036000,46
JPM,2026-06-05,0.563000,0.531000,22,5,4,3,4.040000,255.240000,0.152400,57
V,2026-06-05,0.236000,-0.194000,11,10,4,1,4.010000,382.560000,-0.002300,56
NFLX,2026-06-05,-0.105000,0.045000,13,17,0,5,3.620000,1521.630000,0.104200,28
AAPL,2026-06-12,0.182000,0.036000,21,10,2,3,3.620000,236.130000,0.008200,51
MSFT,2026-06-12,0.292000,0.550000,30,4,4,1,4.690000,480.930000,0.019800,27
NVDA,2026-06-12,0.282000,0.066000,10,4,0,4,3.330000,109.880000,0.237200,51
META,2026-06-12,0.059000,0.399000,29,0,6,0,4.720000,625.170000,0.117900,25
GOOGL,2026-06-12,0.081000,0.054000,16,8,7,2,4.600000,267.430000,0.110600,33
AMZN,2026-06-12,-0.038000,0.427000,21,9,2,2,4.010000,307.120000,0.169800,37
TSLA,2026-06-12,0.569000,0.472000,17,7,3,1,4.290000,990.900000,0.040400,29
JPM,2026-06-12,0.092000,-0.176000,14,1,1,3,4.260000,221.380000,-0.033600,46
V,2026-06-12,-0.766000,0.094000,8,13,0,3,3.140000,463.120000,0.180100,33
NFLX,2026-06-12,-0.358000,-0.318000,19,8,2,4,3.390000,1596.390000,0.085100,47
AAPL,2026-06-18,-0.476000,-0.190000,12,18,1,6,3.890000,290.880000,0.204100,29
MSFT,2026-06-18,-0.327000,0.129000,6,13,0,3,3.800000,526.450000,0.095600,40
NVDA,2026-06-18,0.115000,0.045000,16,6,1,0,4.190000,108.530000,0.135400,24
META,2026-06-18,0.172000,0.222000,11,5,5,3,3.600000,695.720000,0.203200,28
GOOGL,2026-06-18,-0.020000,0.002000,13,5,0,3,3.210000,258.560000,0.094000,25
AMZN,2026-06-18,0.018000,-0.473000,22,10,3,1,4.170000,319.050000,0.176500,37
TSLA,2026-06-18,-0.133000,-0.298000,15,17,0,3,3.070000,956.870000,0.047200,32
JPM,2026-06-18,-0.034000,-0.259000,15,1,3,2,4.100000,216.570000,-0.069500,43
V,2026-06-18,0.317000,0.134000,7,7,3,0,3.690000,446.280000,0.114800,42
NFLX,2026-06-18,-0.095000,0.277000,13,14,2,3,3.970000,1782.890000,0.163000,38
AAPL,2026-06-26,-0.598000,-0.174000,0,8,2,1,3.390000,232.260000,-0.013200,36
MSFT,2026-06-26,0.052000,0.111000,21,5,4,0,3.900000,534.500000,0.108200,47
NVDA,2026-06-26,0.294000,-0.301000,9,6,1,0,3.930000,116.210000,0.191600,53
META,2026-06-26,0.215000,-0.438000,18,9,4,2,3.060000,665.870000,0.107600,35
GOOGL,2026-06-26,0.489000,0.125000,17,0,4,0,4.090000,292.320000,0.242500,42
AMZN,2026-06-26,-0.365000,0.248000,9,9,0,1,3.760000,287.150000,0.059100,36
TSLA,2026-06-26,0.014000,0.172000,21,5,2,0,3.820000,805.870000,0.023500,43
JPM,2026-06-26,-0.228000,0.297000,15,5,3,1,4.030000,250.670000,0.093400,29
V,2026-06-26,0.242000,0.009000,15,13,3,2,3.770000,473.470000,0.193500,48
NFLX,2026-06-26,-0.557000,0.379000,1,9,1,2,3.760000,1557.990000,0.021900,47
AAPL,2026-07-02,-0.382000,-0.225000,8,3,2,2,4.520000,293.770000,0.221500,37
MSFT,2026-07-02,0.560000,1,25,3,4,1,3.800000,519.550000,0.100300,32
NVDA,2026-07-02,-0.185000,0.152000,9,8,3,0,3.920000,123.680000,0.259900,50
META,2026-07-02,-0.529000,-0.181000,5,16,0,6,3.360000,685.630000,0.155800,54
GOOGL,2026-07-02,0.679000,0.285000,17,5,5,2,4.180000,262.570000,0.147600,29
AMZN,2026-07-02,-0.328000,-0.445000,7,15,0,3,3.120000,292.530000,0.100900,26
TSLA,2026-07-02,-0.141000,-0.502000,6,12,0,3,3.980000,798.570000,0.073100,39
JPM,2026-07-02,-0.005000,0.002000,20,8,3,3,4.610000,244.680000,0.076100,49
V,2026-07-02,0.149000,0.078000,19,1,1,0,5,487.410000,0.227100,45
NFLX,2026-07-02,-0.135000,0.141000,24,9,1,1,4.090000,1544.250000,0.020000,33
AAPL,2026-07-10,0.246000,-0.133000,8,20,3,1,3.580000,276.560000,0.094500,29
MSFT,2026-07-10,0.063000,-0.066000,7,12,1,4,4.210000,461.940000,0.043300,28
NVDA,2026-07-10,0.226000,0.006000,16,17,0,3,3.910000,112.990000,0.119300,45
META,2026-07-10,0.288000,-0.061000,6,17,3,1,3.830000,739.640000,0.181200,31
GOOGL,2026-07-10,0.039000,-0.387000,10,13,2,3,3.350000,274.670000,0.206200,28
AMZN,2026-07-10,0.235000,0.278000,15,7,5,1,4.420000,323.730000,0.207600,34
TSLA,2026-07-10,0.130000,0.363000,18,4,3,2,4.450000,813.880000,0.161400,43
JPM,2026-07-10,0.500000,0.068000,22,6,4,0,4.680000,256.970000,0.149900,52
V,2026-07-10,0.363000,-0.108000,26,6,3,0,4.450000,463.770000,0.183600,45
NFLX,2026-07-10,0.078000,0.094000,13,12,4,3,3.800000,1360.650000,-0.022300,27
AAPL,2026-07-17,0.312000,0.173000,21,6,8,0,5,290.070000,0.131400,50
MSFT,2026-07-17,0.239000,0.109000,14,6,4,4,4.330000,475.320000,0.051800,27
NVDA,2026-07-17,-0.448000,0.240000,17,11,2,2,4.200000,123.030000,0.081200,49
META,2026-07-17,-0.124000,-0.864000,11,13,0,5,3.710000,716.190000,0.119800,52
GOOGL,2026-07-17,0.016000,0.099000,27,8,4,1,4.450000,282.130000,0.234100,29
AMZN,2026-07-17,0.203000,0.438000,22,8,4,3,5,277.610000,0.110100,48
TSLA,2026-07-17,-0.256000,-0.014000,19,0,3,3,4.430000,719.460000,0.129300,30
JPM,2026-07-17,-0.148000,0.192000,11,7,3,1,3.870000,238.370000,0.098800,50
V,2026-07-17,0.028000,-0.188000,16,12,2,1,3.720000,402.010000,0.023300,29
NFLX,2026-07-17,-0.177000,-0.340000,10,4,1,1,4.650000,1839.440000,0.168700,33
AAPL,2026-07-24,-0.251000,0.086000,13,3,4,1,3.700000,262.250000,0.072100,37
MSFT,2026-07-24,-0.480000,-0.298000,14,9,3,2,4.170000,599.730000,0.341900,32
NVDA,2026-07-24,0.182000,-0.175000,19,8,2,1,4.170000,108.970000,0.115200,55
META,2026-07-24,-0.265000,0.511000,19,4,4,0,4.290000,702.250000,0.166900,52
GOOGL,2026-07-24,-0.090000,0.147000,20,8,2,2,3.930000,212.390000,-0.029900,48
AMZN,2026-07-24,-0.432000,0.130000,14,17,0,4,3.560000,264.460000,0.070800,39
TSLA,2026-07-24,-0.015000,-0.128000,11,8,2,0,3.830000,638.190000,0.063200,47
JPM,2026-07-24,-0.091000,-0.303000,13,7,4,2,4.130000,249.380000,0.117100,35
V,2026-07-24,0.109000,-0.015000,4,13,0,3,4.020000,474.230000,0.208200,34
NFLX,2026-07-24,-0.344000,-0.240000,18,11,3,3,4.190000,1624.660000,0.151100,36
AAPL,2026-07-31,-0.095000,-0.481000,18,5,3,2,3.330000,283.640000,0.174700,43
MSFT,2026-07-31,-0.274000,-0.043000,18,13,0,2,4.250000,431.610000,-0.029300,41
NVDA,2026-07-31,-0.225000,0.444000,20,7,3,3,3.990000,119.770000,0.204800,42
META,2026-07-31,0.102000,-0.011000,17,6,4,0,4.060000,653.080000,0.107200,29
GOOGL,2026-07-31,-0.782000,-0.082000,10,14,0,4,3.400000,240.380000,0.065700,37
AMZN,2026-07-31,-0.116000,0.127000,10,10,2,2,3.350000,314.560000,0.212400,48
TSLA,2026-07-31,0.129000,0.036000,17,11,0,3,4.080000,742.750000,0.339100,34
JPM,2026-07-31,-0.518000,-0.043000,20,6,5,2,4.510000,214.980000,-0.041500,40
V,2026-07-31,0.668000,0.415000,21,7,3,2,3.770000,479.420000,0.201700,43
NFLX,2026-07-31,-0.284000,-0.003000,18,8,2,3,3.460000,1720.980000,0.192700,43
AAPL,2026-08-07,0.090000,0.136000,23,7,4,2,4.160000,317.020000,0.246900,55
MSFT,2026-08-07,-0.248000,-0.090000,16,7,0,2,3.880000,561,0.229200,30
NVDA,2026-08-07,0.268000,-0.569000,23,12,4,1,3.790000,120.570000,0.101400,57
META,2026-08-07,0.147000,0.152000,26,2,2,1,4.290000,687,0.089000,42
GOOGL,2026-08-07,0.008000,-0.034000,22,8,1,2,3.870000,227.080000,-0.042800,57
AMZN,2026-08-07,0.173000,-0.036000,10,8,2,2,4.100000,299,0.070200,27
TSLA,2026-08-07,0.308000,0.075000,25,6,2,3,3.530000,703.130000,0.213200,41
JPM,2026-08-07,0.610000,0.206000,15,1,3,0,4.790000,243.030000,0.047000,52
V,2026-08-07,0.314000,0.015000,23,4,4,1,4.290000,443.500000,0.042400,44
NFLX,2026-08-07,0.046000,-0.065000,21,4,3,2,4.260000,2001.410000,0.286700,46
AAPL,2026-08-14,0.681000,-0.210000,27,4,6,1,4.870000,244.850000,-0.065200,43
MSFT,2026-08-14,0.355000,0.182000,10,6,1,1,4.120000,509.790000,0.087000,46
NVDA,2026-08-14,0.227000,0.396000,18,9,4,1,4.970000,110.290000,0.079300,57
META,2026-08-14,0.155000,-0.070000,12,8,3,3,3.010000,862.510000,0.218800,40
GOOGL,2026-08-14,0.039000,0.552000,16,2,5,0,4.880000,271.040000,0.159000,58
AMZN,2026-08-14,-0.471000,-0.197000,17,15,2,2,4.090000,334.500000,0.123000,28
TSLA,2026-08-14,-0.582000,-0.424000,6,14,1,5,3.050000,670.390000,0.132500,54
JPM,2026-08-14,0.065000,-0.086000,17,14,5,0,4.440000,247.200000,0.076700,32
V,2026-08-14,0.124000,-0.021000,17,9,1,3,4.430000,439.750000,0.029700,34
NFLX,2026-08-14,0.039000,-0.415000,13,10,2,2,4.350000,1932.880000,0.220500,25
AAPL,2026-08-21,0.445000,0.125000,10,11,2,0,3.560000,372.940000,0.306600,42
MSFT,2026-08-21,-0.116000,-0.380000,12,9,1,4,3.240000,650.540000,0.313200,30
NVDA,2026-08-21,0.277000,-0.108000,18,11,0,2,4.420000,123.800000,0.015900,26
META,2026-08-21,0.407000,0.164000,15,12,3,1,4.260000,946.460000,0.237000,48
GOOGL,2026-08-21,-0.277000,0.291000,23,13,4,1,3.240000,276.740000,0.139300,32
AMZN,2026-08-21,-0.039000,-0.259000,9,8,0,0,4.100000,339.230000,0.102700,28
TSLA,2026-08-21,0.262000,-0.033000,18,0,1,2,4.060000,686.260000,0.101900,25
JPM,2026-08-21,-0.412000,0.156000,14,17,0,3,3.660000,309.010000,0.269100,36
V,2026-08-21,0.228000,0.062000,9,1,4,2,4.210000,538.610000,0.232800,37
NFLX,2026-08-21,-0.072000,0.151000,17,0,3,0,3.570000,1988.970000,0.228600,46
